Time,header.seq,header.stamp.secs,header.stamp.nsecs,header.frame_id,orientation.x,orientation.y,orientation.z,orientation.w,orientation_covariance_0,orientation_covariance_1,orientation_covariance_2,orientation_covariance_3,orientation_covariance_4,orientation_covariance_5,orientation_covariance_6,orientation_covariance_7,orientation_covariance_8,angular_velocity.x,angular_velocity.y,angular_velocity.z,angular_velocity_covariance_0,angular_velocity_covariance_1,angular_velocity_covariance_2,angular_velocity_covariance_3,angular_velocity_covariance_4,angular_velocity_covariance_5,angular_velocity_covariance_6,angular_velocity_covariance_7,angular_velocity_covariance_8,linear_acceleration.x,linear_acceleration.y,linear_acceleration.z,linear_acceleration_covariance_0,linear_acceleration_covariance_1,linear_acceleration_covariance_2,linear_acceleration_covariance_3,linear_acceleration_covariance_4,linear_acceleration_covariance_5,linear_acceleration_covariance_6,linear_acceleration_covariance_7,linear_acceleration_covariance_8
1538767917.8300595,1035,1538767917,827744647,base_link,-0.046046806398667345,0.2630222335591043,-0.9623701309663404,-0.05042546279304166,1.0,0.0,0.0,0.0,1.0,0.0,0.0,0.0,1.0,0.5812727808952332,-0.08461217582225797,0.2598947584629059,1.2184696791468346e-07,0.0,0.0,0.0,1.2184696791468346e-07,0.0,0.0,0.0,1.2184696791468346e-07,0.3530394,-0.9022117999999989,9.07115125,8.999999999999999e-08,0.0,0.0,0.0,8.999999999999999e-08,0.0,0.0,0.0,8.999999999999999e-08
1538767918.3218412,1036,1538767918,321553031,base_link,-0.03597349377326672,-0.026393899110202002,-0.9989981154399716,0.0034691761112208824,1.0,0.0,0.0,0.0,1.0,0.0,0.0,0.0,1.0,1.0738381147384644,0.09095854312181474,0.06053941324353217,1.2184696791468346e-07,0.0,0.0,0.0,1.2184696791468346e-07,0.0,0.0,0.0,1.2184696791468346e-07,-1.2552512,0.588399000000001,8.2768126,8.999999999999999e-08,0.0,0.0,0.0,8.999999999999999e-08,0.0,0.0,0.0,8.999999999999999e-08
1538767918.6643817,1037,1538767918,663865927,base_link,-0.019128148349712767,-0.1782421957961374,-0.9837772375371379,-0.006795622287942899,1.0,0.0,0.0,0.0,1.0,0.0,0.0,0.0,1.0,0.6142362356185913,0.08618095517158507,-0.16725865006446838,1.2184696791468346e-07,0.0,0.0,0.0,1.2184696791468346e-07,0.0,0.0,0.0,1.2184696791468346e-07,-1.22583125,0.39226600000000106,8.3944924,8.999999999999999e-08,0.0,0.0,0.0,8.999999999999999e-08,0.0,0.0,0.0,8.999999999999999e-08
1538767919.108368,1038,1538767919,108000263,base_link,0.002487415339292062,-0.3088492156169364,-0.9501352670768769,-0.04299940737364461,1.0,0.0,0.0,0.0,1.0,0.0,0.0,0.0,1.0,0.4093468189239502,0.030310023576021167,-0.22459819912910461,1.2184696791468346e-07,0.0,0.0,0.0,1.2184696791468346e-07,0.0,0.0,0.0,1.2184696791468346e-07,-1.1179581,0.519752450000001,8.433719,8.999999999999999e-08,0.0,0.0,0.0,8.999999999999999e-08,0.0,0.0,0.0,8.999999999999999e-08
1538767919.488294,1039,1538767919,487649671,base_link,0.01662280765451352,-0.3496493947253584,-0.9332136418677895,-0.08112509886421328,1.0,0.0,0.0,0.0,1.0,0.0,0.0,0.0,1.0,0.23631198704242706,-0.01562332920730117,-0.2418796420097351,1.2184696791468346e-07,0.0,0.0,0.0,1.2184696791468346e-07,0.0,0.0,0.0,1.2184696791468346e-07,-1.1964113,0.4609125500000009,7.34518085,8.999999999999999e-08,0.0,0.0,0.0,8.999999999999999e-08,0.0,0.0,0.0,8.999999999999999e-08
1538767919.9033227,1040,1538767919,902827431,base_link,0.024098060944052094,-0.3645287085253574,-0.9211114169478027,-0.1345059912716997,1.0,0.0,0.0,0.0,1.0,0.0,0.0,0.0,1.0,0.029177485033869743,-0.06451419740915303,-0.30717501044273376,1.2184696791468346e-07,0.0,0.0,0.0,1.2184696791468346e-07,0.0,0.0,0.0,1.2184696791468346e-07,-1.14737805,0.8237586000000011,8.58081875,8.999999999999999e-08,0.0,0.0,0.0,8.999999999999999e-08,0.0,0.0,0.0,8.999999999999999e-08
1538767920.3291664,1041,1538767920,328810567,base_link,0.04999349806434744,-0.17870259996185595,-0.9674050489190433,-0.17231802646300787,1.0,0.0,0.0,0.0,1.0,0.0,0.0,0.0,1.0,-1.8671307563781738,-0.0005464293062687048,-0.1045299768447876,1.2184696791468346e-07,0.0,0.0,0.0,1.2184696791468346e-07,0.0,0.0,0.0,1.2184696791468346e-07,-1.22583125,1.0885381500000015,12.2975391,8.999999999999999e-08,0.0,0.0,0.0,8.999999999999999e-08,0.0,0.0,0.0,8.999999999999999e-08
1538767920.8419588,1042,1538767920,841627719,base_link,0.11579302227598119,0.12223525088272741,-0.9701435885875797,-0.17456212921548514,1.0,0.0,0.0,0.0,1.0,0.0,0.0,0.0,1.0,-0.6108174324035645,-0.002885750494897365,0.005250290967524052,1.2184696791468346e-07,0.0,0.0,0.0,1.2184696791468346e-07,0.0,0.0,0.0,1.2184696791468346e-07,-1.38273765,-0.06864654999999897,8.3944924,8.999999999999999e-08,0.0,0.0,0.0,8.999999999999999e-08,0.0,0.0,0.0,8.999999999999999e-08
1538767921.327819,1043,1538767921,327597703,base_link,0.1260662780093583,0.23929717207738818,-0.9558523151893161,-0.11484993918960744,1.0,0.0,0.0,0.0,1.0,0.0,0.0,0.0,1.0,-0.4539443850517273,-0.13121134042739865,0.24208578467369082,1.2184696791468346e-07,0.0,0.0,0.0,1.2184696791468346e-07,0.0,0.0,0.0,1.2184696791468346e-07,-1.3337044,0.11767980000000114,9.1986377,8.999999999999999e-08,0.0,0.0,0.0,8.999999999999999e-08,0.0,0.0,0.0,8.999999999999999e-08
1538767921.63153,1044,1538767921,631281575,base_link,0.11793124173197428,0.27772157960427246,-0.9508529839819768,-0.06958124243093937,1.0,0.0,0.0,0.0,1.0,0.0,0.0,0.0,1.0,-0.17062653601169586,-0.18315902352333066,0.2525748610496521,1.2184696791468346e-07,0.0,0.0,0.0,1.2184696791468346e-07,0.0,0.0,0.0,1.2184696791468346e-07,-1.2944778000000001,-0.0686465499999987,10.6304086,8.999999999999999e-08,0.0,0.0,0.0,8.999999999999999e-08,0.0,0.0,0.0,8.999999999999999e-08
1538767922.0273907,1045,1538767922,26827367,base_link,0.087594482917617,0.31086259068880095,-0.9464083807325017,0.0016831969363513956,1.0,0.0,0.0,0.0,1.0,0.0,0.0,0.0,1.0,-0.16913920640945435,-0.3105186223983764,0.28785005211830145,1.2184696791468346e-07,0.0,0.0,0.0,1.2184696791468346e-07,0.0,0.0,0.0,1.2184696791468346e-07,-0.9414384,0.2549729000000017,13.81756985,8.999999999999999e-08,0.0,0.0,0.0,8.999999999999999e-08,0.0,0.0,0.0,8.999999999999999e-08
1538767922.3853476,1046,1538767922,382434471,base_link,0.04910492371691479,0.3295164387237584,-0.9404095480173891,0.0680992296233769,1.0,0.0,0.0,0.0,1.0,0.0,0.0,0.0,1.0,-0.21007952094078064,-0.34790766239166254,0.28863626718521124,1.2184696791468346e-07,0.0,0.0,0.0,1.2184696791468346e-07,0.0,0.0,0.0,1.2184696791468346e-07,-0.48052585000000003,0.43149260000000217,17.9069429,8.999999999999999e-08,0.0,0.0,0.0,8.999999999999999e-08,0.0,0.0,0.0,8.999999999999999e-08
1538767922.7291446,1047,1538767922,728813831,base_link,0.009454239375399657,0.34635866838021995,-0.9295738962120301,0.1258517448305717,1.0,0.0,0.0,0.0,1.0,0.0,0.0,0.0,1.0,-0.13873989880084991,-0.3313852250576019,0.23011438548564914,1.2184696791468346e-07,0.0,0.0,0.0,1.2184696791468346e-07,0.0,0.0,0.0,1.2184696791468346e-07,-0.588399,-0.05883989999999829,14.033316150000001,8.999999999999999e-08,0.0,0.0,0.0,8.999999999999999e-08,0.0,0.0,0.0,8.999999999999999e-08
1538767923.0499303,1048,1538767923,49714727,base_link,-0.024891215650175134,0.334610195880304,-0.9230070633641134,0.18834650295759914,1.0,0.0,0.0,0.0,1.0,0.0,0.0,0.0,1.0,0.009200695902109146,-0.3579209744930267,0.3387249112129212,1.2184696791468346e-07,0.0,0.0,0.0,1.2184696791468346e-07,0.0,0.0,0.0,1.2184696791468346e-07,-0.392266,-0.2255529499999982,14.91591465,8.999999999999999e-08,0.0,0.0,0.0,8.999999999999999e-08,0.0,0.0,0.0,8.999999999999999e-08
1538767923.5108757,1049,1538767923,510430631,base_link,-0.07438346513598751,0.3292394684674626,-0.8963322904618424,0.28750112624658336,1.0,0.0,0.0,0.0,1.0,0.0,0.0,0.0,1.0,-0.09858165681362152,-0.37138822674751276,0.31440538167953497,1.2184696791468346e-07,0.0,0.0,0.0,1.2184696791468346e-07,0.0,0.0,0.0,1.2184696791468346e-07,-0.12748645,0.45110590000000195,15.68083335,8.999999999999999e-08,0.0,0.0,0.0,8.999999999999999e-08,0.0,0.0,0.0,8.999999999999999e-08
1538767923.9843884,1050,1538767923,982005255,base_link,-0.1372822312931059,0.33405659548330285,-0.855099190369037,0.37197466931971135,1.0,0.0,0.0,0.0,1.0,0.0,0.0,0.0,1.0,0.11064742505550385,-0.39213579893112177,0.2723891437053681,1.2184696791468346e-07,0.0,0.0,0.0,1.2184696791468346e-07,0.0,0.0,0.0,1.2184696791468346e-07,0.1372931,0.039226600000001936,15.77889985,8.999999999999999e-08,0.0,0.0,0.0,8.999999999999999e-08,0.0,0.0,0.0,8.999999999999999e-08
1538767924.3970299,1051,1538767924,396753767,base_link,-0.17838686072851845,0.3074807501731844,-0.8151395934532559,0.45736326850461057,1.0,0.0,0.0,0.0,1.0,0.0,0.0,0.0,1.0,-0.16462105512619019,-0.35068479180335993,0.27452716231346136,1.2184696791468346e-07,0.0,0.0,0.0,1.2184696791468346e-07,0.0,0.0,0.0,1.2184696791468346e-07,0.18632635,0.657045550000002,15.97503285,8.999999999999999e-08,0.0,0.0,0.0,8.999999999999999e-08,0.0,0.0,0.0,8.999999999999999e-08
1538767924.7772138,1052,1538767924,776689223,base_link,-0.22254209646678258,0.29816232372599827,-0.7784975059324221,0.5054857834474484,1.0,0.0,0.0,0.0,1.0,0.0,0.0,0.0,1.0,-0.0046639591455459595,-0.3468655347824096,0.2681878805160523,1.2184696791468346e-07,0.0,0.0,0.0,1.2184696791468346e-07,0.0,0.0,0.0,1.2184696791468346e-07,0.0392266,-0.17651969999999823,14.513842,8.999999999999999e-08,0.0,0.0,0.0,8.999999999999999e-08,0.0,0.0,0.0,8.999999999999999e-08
1538767925.226458,1053,1538767925,226185991,base_link,-0.25658683702502005,0.2753088944773982,-0.7080354473032039,0.5975399677421422,1.0,0.0,0.0,0.0,1.0,0.0,0.0,0.0,1.0,0.046816952526569366,-0.34808570146560663,0.43506219983100897,1.2184696791468346e-07,0.0,0.0,0.0,1.2184696791468346e-07,0.0,0.0,0.0,1.2184696791468346e-07,0.28439285000000003,0.32361945000000186,15.2591474,8.999999999999999e-08,0.0,0.0,0.0,8.999999999999999e-08,0.0,0.0,0.0,8.999999999999999e-08
1538767925.555949,1054,1538767925,555447015,base_link,-0.28222513744983,0.2618070951531121,-0.6597000206744759,0.6454470539409177,1.0,0.0,0.0,0.0,1.0,0.0,0.0,0.0,1.0,-0.038964346051216125,-0.30534273386001587,0.22335903346538546,1.2184696791468346e-07,0.0,0.0,0.0,1.2184696791468346e-07,0.0,0.0,0.0,1.2184696791468346e-07,0.1569064,0.22555295000000175,14.36674225,8.999999999999999e-08,0.0,0.0,0.0,8.999999999999999e-08,0.0,0.0,0.0,8.999999999999999e-08
1538767925.8125536,1055,1538767925,812217863,base_link,0.2856870927845639,-0.2355576865099375,0.6245313448570803,-0.6876453014697304,1.0,0.0,0.0,0.0,1.0,0.0,0.0,0.0,1.0,-0.004253340885043144,-0.29572108387947077,0.4206410646438599,1.2184696791468346e-07,0.0,0.0,0.0,1.2184696791468346e-07,0.0,0.0,0.0,1.2184696791468346e-07,0.02941995,-0.43149259999999834,13.6704701,8.999999999999999e-08,0.0,0.0,0.0,8.999999999999999e-08,0.0,0.0,0.0,8.999999999999999e-08
1538767926.1733313,1056,1538767926,172316199,base_link,0.31075662401608073,-0.22829056266224765,0.554715735136351,-0.7372951870327246,1.0,0.0,0.0,0.0,1.0,0.0,0.0,0.0,1.0,-0.02954978495836258,-0.31004649400711054,0.32347708940505987,1.2184696791468346e-07,0.0,0.0,0.0,1.2184696791468346e-07,0.0,0.0,0.0,1.2184696791468346e-07,-0.2745862,0.2941995000000015,12.24850585,8.999999999999999e-08,0.0,0.0,0.0,8.999999999999999e-08,0.0,0.0,0.0,8.999999999999999e-08
1538767926.5299926,1057,1538767926,529553703,base_link,0.32741060320163207,-0.1990682052756859,0.4909880553702418,-0.7823713159639799,1.0,0.0,0.0,0.0,1.0,0.0,0.0,0.0,1.0,0.20157083868980408,-0.3188918232917785,0.3401626348495484,1.2184696791468346e-07,0.0,0.0,0.0,1.2184696791468346e-07,0.0,0.0,0.0,1.2184696791468346e-07,0.0,-0.039226599999998085,15.66122005,8.999999999999999e-08,0.0,0.0,0.0,8.999999999999999e-08,0.0,0.0,0.0,8.999999999999999e-08
1538767926.8098154,1058,1538767926,807831559,base_link,0.3370282926991586,-0.17979398372115699,0.43339298521757963,-0.8162454126683722,1.0,0.0,0.0,0.0,1.0,0.0,0.0,0.0,1.0,0.0006225090473890305,-0.315869927406311,0.3728057742118836,1.2184696791468346e-07,0.0,0.0,0.0,1.2184696791468346e-07,0.0,0.0,0.0,1.2184696791468346e-07,-0.3530394,0.30400615000000186,14.9453346,8.999999999999999e-08,0.0,0.0,0.0,8.999999999999999e-08,0.0,0.0,0.0,8.999999999999999e-08
1538767927.157471,1059,1538767927,156005031,base_link,0.34384536898065793,-0.1480781816572346,0.37652872568506857,-0.847389717356554,1.0,0.0,0.0,0.0,1.0,0.0,0.0,0.0,1.0,0.07275677472352982,-0.28408393263816833,0.2041253596544266,1.2184696791468346e-07,0.0,0.0,0.0,1.2184696791468346e-07,0.0,0.0,0.0,1.2184696791468346e-07,-0.10787315,0.5883990000000018,14.22944915,8.999999999999999e-08,0.0,0.0,0.0,8.999999999999999e-08,0.0,0.0,0.0,8.999999999999999e-08
1538767927.4262946,1060,1538767927,426059271,base_link,0.3391091226093287,-0.12059731150514208,0.34834889388806084,-0.8655139164379898,1.0,0.0,0.0,0.0,1.0,0.0,0.0,0.0,1.0,0.015376466326415539,-0.2080862522125244,0.22094568610191348,1.2184696791468346e-07,0.0,0.0,0.0,1.2184696791468346e-07,0.0,0.0,0.0,1.2184696791468346e-07,-0.2353596,-0.4412992499999987,10.73828175,8.999999999999999e-08,0.0,0.0,0.0,8.999999999999999e-08,0.0,0.0,0.0,8.999999999999999e-08
1538767927.780642,1061,1538767927,780203687,base_link,0.3296149514633804,-0.10335414697425498,0.28244328629086013,-0.8949288765618397,1.0,0.0,0.0,0.0,1.0,0.0,0.0,0.0,1.0,0.09751290827989578,-0.24056109786033625,0.47202166914939886,1.2184696791468346e-07,0.0,0.0,0.0,1.2184696791468346e-07,0.0,0.0,0.0,1.2184696791468346e-07,-0.44129925000000003,-0.41187929999999845,12.36618565,8.999999999999999e-08,0.0,0.0,0.0,8.999999999999999e-08,0.0,0.0,0.0,8.999999999999999e-08
1538767928.1826105,1062,1538767928,182317127,base_link,0.36471137202863335,-0.09717436641362674,0.20210977058894436,-0.9037114574119255,1.0,0.0,0.0,0.0,1.0,0.0,0.0,0.0,1.0,-0.2440429925918579,-0.15193422138690948,0.06792166084051134,1.2184696791468346e-07,0.0,0.0,0.0,1.2184696791468346e-07,0.0,0.0,0.0,1.2184696791468346e-07,-0.77472535,1.1081514500000014,10.13026945,8.999999999999999e-08,0.0,0.0,0.0,8.999999999999999e-08,0.0,0.0,0.0,8.999999999999999e-08
1538767928.5500162,1063,1538767928,549492967,base_link,0.3705891594031254,-0.07193029408080277,0.16172704392968584,-0.9117752305190681,1.0,0.0,0.0,0.0,1.0,0.0,0.0,0.0,1.0,0.07794444262981415,-0.25203138589859003,0.35166475176811224,1.2184696791468346e-07,0.0,0.0,0.0,1.2184696791468346e-07,0.0,0.0,0.0,1.2184696791468346e-07,-0.7453054,-0.6864654999999986,11.75817335,8.999999999999999e-08,0.0,0.0,0.0,8.999999999999999e-08,0.0,0.0,0.0,8.999999999999999e-08
1538767928.8767233,1064,1538767928,876424167,base_link,0.38155716249532234,-0.059521868991038236,0.0861073011678995,-0.9183990480972379,1.0,0.0,0.0,0.0,1.0,0.0,0.0,0.0,1.0,-0.04859849065542221,-0.284623235464096,0.38712686300277716,1.2184696791468346e-07,0.0,0.0,0.0,1.2184696791468346e-07,0.0,0.0,0.0,1.2184696791468346e-07,-0.980665,-0.15690639999999853,12.1406327,8.999999999999999e-08,0.0,0.0,0.0,8.999999999999999e-08,0.0,0.0,0.0,8.999999999999999e-08
1538767929.4478126,1065,1538767929,447509127,base_link,0.35255938650197627,-0.028508469519716056,-0.02124491864630457,-0.9351137896463217,1.0,0.0,0.0,0.0,1.0,0.0,0.0,0.0,1.0,0.11235272884368896,-0.2484786063432693,0.34414744377136236,1.2184696791468346e-07,0.0,0.0,0.0,1.2184696791468346e-07,0.0,0.0,0.0,1.2184696791468346e-07,-0.8629852,0.09806650000000158,12.87613145,8.999999999999999e-08,0.0,0.0,0.0,8.999999999999999e-08,0.0,0.0,0.0,8.999999999999999e-08
1538767929.825884,1066,1538767929,825419623,base_link,0.34001145751110745,-0.004023110508574839,-0.10191941950244793,-0.9348734969349018,1.0,0.0,0.0,0.0,1.0,0.0,0.0,0.0,1.0,0.12037602066993713,-0.24294683337211606,0.29510596394538885,1.2184696791468346e-07,0.0,0.0,0.0,1.2184696791468346e-07,0.0,0.0,0.0,1.2184696791468346e-07,-0.77472535,0.2647795500000015,12.09159945,8.999999999999999e-08,0.0,0.0,0.0,8.999999999999999e-08,0.0,0.0,0.0,8.999999999999999e-08
1538767930.2679582,1067,1538767930,266574983,base_link,0.3409284039833015,0.029337906137543595,-0.174515528098745,-0.9232829691233775,1.0,0.0,0.0,0.0,1.0,0.0,0.0,0.0,1.0,-0.4478704631328583,-0.2358581572771072,0.28268221020698553,1.2184696791468346e-07,0.0,0.0,0.0,1.2184696791468346e-07,0.0,0.0,0.0,1.2184696791468346e-07,-0.7453054,0.06864655000000155,12.67999845,8.999999999999999e-08,0.0,0.0,0.0,8.999999999999999e-08,0.0,0.0,0.0,8.999999999999999e-08
1538767930.7528033,1068,1538767930,752353031,base_link,0.3481938203613283,0.06155071469778896,-0.2726165416173266,-0.8947920396488689,1.0,0.0,0.0,0.0,1.0,0.0,0.0,0.0,1.0,0.09158098697662354,-0.2816384136676788,0.415465921163559,1.2184696791468346e-07,0.0,0.0,0.0,1.2184696791468346e-07,0.0,0.0,0.0,1.2184696791468346e-07,-0.50013915,0.08825985000000178,14.54326195,8.999999999999999e-08,0.0,0.0,0.0,8.999999999999999e-08,0.0,0.0,0.0,8.999999999999999e-08
1538767931.054662,1069,1538767931,52876999,base_link,0.3492373294517921,0.07817210529428546,-0.33425913957096764,-0.8718906108477806,1.0,0.0,0.0,0.0,1.0,0.0,0.0,0.0,1.0,-0.34011831879615784,-0.2871106564998626,0.31626892089843756,1.2184696791468346e-07,0.0,0.0,0.0,1.2184696791468346e-07,0.0,0.0,0.0,1.2184696791468346e-07,-0.69627215,0.0294199500000015,12.2386992,8.999999999999999e-08,0.0,0.0,0.0,8.999999999999999e-08,0.0,0.0,0.0,8.999999999999999e-08
1538767931.378137,1070,1538767931,377645159,base_link,0.37759963211318187,0.12025269389378213,-0.38809808116948996,-0.832068318608417,1.0,0.0,0.0,0.0,1.0,0.0,0.0,0.0,1.0,-0.18926812708377838,-0.31302085518836975,0.19912648200988772,1.2184696791468346e-07,0.0,0.0,0.0,1.2184696791468346e-07,0.0,0.0,0.0,1.2184696791468346e-07,-0.57859235,0.5491724000000017,13.4547238,8.999999999999999e-08,0.0,0.0,0.0,8.999999999999999e-08,0.0,0.0,0.0,8.999999999999999e-08
1538767931.7918737,1071,1538767931,791509703,base_link,0.3682785521602296,0.1666716939243401,-0.4528507304627951,-0.7946808607123171,1.0,0.0,0.0,0.0,1.0,0.0,0.0,0.0,1.0,0.11701946705579758,-0.35744807124137873,0.3180039823055268,1.2184696791468346e-07,0.0,0.0,0.0,1.2184696791468346e-07,0.0,0.0,0.0,1.2184696791468346e-07,-0.2745862,-0.4707191999999982,14.5530686,8.999999999999999e-08,0.0,0.0,0.0,8.999999999999999e-08,0.0,0.0,0.0,8.999999999999999e-08
1538767932.1632242,1072,1538767932,162943815,base_link,0.3467868030860782,0.1943658829686053,-0.5294661800701397,-0.7494173609579023,1.0,0.0,0.0,0.0,1.0,0.0,0.0,0.0,1.0,-0.11884518712759018,-0.37408664822578425,0.4200917780399323,1.2184696791468346e-07,0.0,0.0,0.0,1.2184696791468346e-07,0.0,0.0,0.0,1.2184696791468346e-07,-0.20593965,-0.2843928499999982,14.71978165,8.999999999999999e-08,0.0,0.0,0.0,8.999999999999999e-08,0.0,0.0,0.0,8.999999999999999e-08
1538767932.4285424,1073,1538767932,428283207,base_link,0.3388061508274757,0.22782757519454438,-0.5793645641154388,-0.7054372332034734,1.0,0.0,0.0,0.0,1.0,0.0,0.0,0.0,1.0,0.025875957682728767,-0.39605924487113947,0.2680784463882447,1.2184696791468346e-07,0.0,0.0,0.0,1.2184696791468346e-07,0.0,0.0,0.0,1.2184696791468346e-07,-0.2157463,-0.24516624999999823,14.60210185,8.999999999999999e-08,0.0,0.0,0.0,8.999999999999999e-08,0.0,0.0,0.0,8.999999999999999e-08
1538767932.7967784,1074,1538767932,796399783,base_link,0.16784721660289548,0.1418569167599328,-0.6569719230834293,-0.7211739175303602,1.0,0.0,0.0,0.0,1.0,0.0,0.0,0.0,1.0,1.8994600772857666,-0.27964073419570923,0.13532148301601413,1.2184696791468346e-07,0.0,0.0,0.0,1.2184696791468346e-07,0.0,0.0,0.0,1.2184696791468346e-07,-0.3334261,-0.3922659999999979,17.063571,8.999999999999999e-08,0.0,0.0,0.0,8.999999999999999e-08,0.0,0.0,0.0,8.999999999999999e-08
1538767933.2570877,1075,1538767933,256876391,base_link,-0.06758041484473908,-0.03459538604912245,-0.7050418597983518,-0.7050900812843748,1.0,0.0,0.0,0.0,1.0,0.0,0.0,0.0,1.0,1.160865068435669,-0.10539521276950835,0.09918662905693056,1.2184696791468346e-07,0.0,0.0,0.0,1.2184696791468346e-07,0.0,0.0,0.0,1.2184696791468346e-07,-0.97085835,0.39226600000000184,14.8080415,8.999999999999999e-08,0.0,0.0,0.0,8.999999999999999e-08,0.0,0.0,0.0,8.999999999999999e-08
1538767933.6359348,1076,1538767933,635713671,base_link,-0.16740943427103883,-0.12234577133631268,-0.6889014188441013,-0.6945649204125972,1.0,0.0,0.0,0.0,1.0,0.0,0.0,0.0,1.0,0.5217058658599854,-0.045424252748489394,-0.13704390823841095,1.2184696791468346e-07,0.0,0.0,0.0,1.2184696791468346e-07,0.0,0.0,0.0,1.2184696791468346e-07,-1.0395049,0.45110590000000145,12.0425662,8.999999999999999e-08,0.0,0.0,0.0,8.999999999999999e-08,0.0,0.0,0.0,8.999999999999999e-08
1538767934.0034974,1077,1538767934,3111431,base_link,-0.22850163288885617,-0.18008969365754843,-0.6568819527918177,-0.6956010394628988,1.0,0.0,0.0,0.0,1.0,0.0,0.0,0.0,1.0,0.2329115867614746,-0.04734317213296892,-0.14361317455768585,1.2184696791468346e-07,0.0,0.0,0.0,1.2184696791468346e-07,0.0,0.0,0.0,1.2184696791468346e-07,-1.0395049,0.5295591000000014,11.28745415,8.999999999999999e-08,0.0,0.0,0.0,8.999999999999999e-08,0.0,0.0,0.0,8.999999999999999e-08
1538767934.3767657,1078,1538767934,376163527,base_link,-0.2615093133570518,-0.21407824539132528,-0.6217375152446467,-0.7065591596003177,1.0,0.0,0.0,0.0,1.0,0.0,0.0,0.0,1.0,0.21667517721652985,-0.053152352571487455,-0.231234610080719,1.2184696791468346e-07,0.0,0.0,0.0,1.2184696791468346e-07,0.0,0.0,0.0,1.2184696791468346e-07,-1.08853815,0.5589790500000011,9.610517,8.999999999999999e-08,0.0,0.0,0.0,8.999999999999999e-08,0.0,0.0,0.0,8.999999999999999e-08
1538767934.7348044,1079,1538767934,734410599,base_link,-0.2781922502046951,-0.23781386170003135,-0.5827108701942425,-0.7256043556007881,1.0,0.0,0.0,0.0,1.0,0.0,0.0,0.0,1.0,0.10045284032821655,-0.05005772039294246,-0.2633320391178131,1.2184696791468346e-07,0.0,0.0,0.0,1.2184696791468346e-07,0.0,0.0,0.0,1.2184696791468346e-07,-0.89240515,0.7453054000000009,7.2765343,8.999999999999999e-08,0.0,0.0,0.0,8.999999999999999e-08,0.0,0.0,0.0,8.999999999999999e-08
1538767935.0261886,1080,1538767935,25826407,base_link,-0.2730773237729505,-0.24074865078768226,-0.5492354872812233,-0.7522029260085811,1.0,0.0,0.0,0.0,1.0,0.0,0.0,0.0,1.0,0.004158856347203255,-0.06162771582603458,-0.2922471761703491,1.2184696791468346e-07,0.0,0.0,0.0,1.2184696791468346e-07,0.0,0.0,0.0,1.2184696791468346e-07,-0.91201845,0.637432250000001,8.42391235,8.999999999999999e-08,0.0,0.0,0.0,8.999999999999999e-08,0.0,0.0,0.0,8.999999999999999e-08
1538767935.3566358,1081,1538767935,356080775,base_link,-0.27389548323901686,-0.2443657536194758,-0.5072876824262481,-0.7796959984364784,1.0,0.0,0.0,0.0,1.0,0.0,0.0,0.0,1.0,0.01370890624821186,-0.10273154824972157,-0.29538586735725403,1.2184696791468346e-07,0.0,0.0,0.0,1.2184696791468346e-07,0.0,0.0,0.0,1.2184696791468346e-07,-0.784532,0.6374322500000013,9.71839015,8.999999999999999e-08,0.0,0.0,0.0,8.999999999999999e-08,0.0,0.0,0.0,8.999999999999999e-08
1538767935.7770247,1082,1538767935,776437959,base_link,-0.27751468038343974,-0.23816961606520703,-0.44860542309720697,-0.815483911872457,1.0,0.0,0.0,0.0,1.0,0.0,0.0,0.0,1.0,-0.02228120155632496,-0.17094267904758456,-0.2825629413127899,1.2184696791468346e-07,0.0,0.0,0.0,1.2184696791468346e-07,0.0,0.0,0.0,1.2184696791468346e-07,-0.87279185,0.7649187000000012,9.610517,8.999999999999999e-08,0.0,0.0,0.0,8.999999999999999e-08,0.0,0.0,0.0,8.999999999999999e-08
1538767936.179813,1083,1538767936,176857991,base_link,-0.29419381601247035,-0.22006817760697553,-0.38547822806084175,-0.8464198317122766,1.0,0.0,0.0,0.0,1.0,0.0,0.0,0.0,1.0,0.08740093559026718,-0.29941090941429144,-0.2339052706956863,1.2184696791468346e-07,0.0,0.0,0.0,1.2184696791468346e-07,0.0,0.0,0.0,1.2184696791468346e-07,-0.8041453000000001,0.5197524500000016,12.778064950000001,8.999999999999999e-08,0.0,0.0,0.0,8.999999999999999e-08,0.0,0.0,0.0,8.999999999999999e-08
1538767936.3788002,1084,1538767936,378407719,base_link,-0.30469526981853085,-0.20072557043949044,-0.3562338415084987,-0.8602136293305584,1.0,0.0,0.0,0.0,1.0,0.0,0.0,0.0,1.0,0.010087822563946247,-0.3271072208881378,-0.22484928369522092,1.2184696791468346e-07,0.0,0.0,0.0,1.2184696791468346e-07,0.0,0.0,0.0,1.2184696791468346e-07,-0.6668522,0.7747253500000019,14.50403535,8.999999999999999e-08,0.0,0.0,0.0,8.999999999999999e-08,0.0,0.0,0.0,8.999999999999999e-08
1538767936.700057,1085,1538767936,699651367,base_link,-0.3342552123954598,-0.17538041370921933,-0.2995929401464745,-0.8762187133861271,1.0,0.0,0.0,0.0,1.0,0.0,0.0,0.0,1.0,-0.11977465450763702,-0.32322853803634644,-0.22207498550415036,1.2184696791468346e-07,0.0,0.0,0.0,1.2184696791468346e-07,0.0,0.0,0.0,1.2184696791468346e-07,-0.38245935,0.764918700000002,15.4160538,8.999999999999999e-08,0.0,0.0,0.0,8.999999999999999e-08,0.0,0.0,0.0,8.999999999999999e-08
1538767937.0368466,1086,1538767937,36577031,base_link,-0.3231948273987219,-0.13486685785507901,-0.24748411144710392,-0.9033867658850478,1.0,0.0,0.0,0.0,1.0,0.0,0.0,0.0,1.0,-0.0806874930858612,-0.28167244791984564,-0.28917387127876276,1.2184696791468346e-07,0.0,0.0,0.0,1.2184696791468346e-07,0.0,0.0,0.0,1.2184696791468346e-07,-0.18632635,0.9218251000000017,13.8862164,8.999999999999999e-08,0.0,0.0,0.0,8.999999999999999e-08,0.0,0.0,0.0,8.999999999999999e-08
1538767937.4502835,1087,1538767937,449128135,base_link,-0.31446332493160484,-0.09524201490080464,-0.16498166869186714,-0.9299585070669776,1.0,0.0,0.0,0.0,1.0,0.0,0.0,0.0,1.0,0.19509024918079376,-0.30557128787040716,-0.30261063575744623,1.2184696791468346e-07,0.0,0.0,0.0,1.2184696791468346e-07,0.0,0.0,0.0,1.2184696791468346e-07,-0.4314926,0.27458620000000156,12.6505785,8.999999999999999e-08,0.0,0.0,0.0,8.999999999999999e-08,0.0,0.0,0.0,8.999999999999999e-08
1538767937.856953,1088,1538767937,854730471,base_link,-0.33822292377810903,-0.04785186476781982,-0.1100298404116441,-0.933385711851332,1.0,0.0,0.0,0.0,1.0,0.0,0.0,0.0,1.0,0.05733790993690491,-0.27864959836006165,-0.17147493362426755,1.2184696791468346e-07,0.0,0.0,0.0,1.2184696791468346e-07,0.0,0.0,0.0,1.2184696791468346e-07,-0.32361945000000003,0.8727918500000017,13.3566573,8.999999999999999e-08,0.0,0.0,0.0,8.999999999999999e-08,0.0,0.0,0.0,8.999999999999999e-08
1538767938.2538738,1089,1538767938,253528839,base_link,-0.34200962612078684,-0.012264047089947437,-0.038758838630669146,-0.9388166813695296,1.0,0.0,0.0,0.0,1.0,0.0,0.0,0.0,1.0,0.06846822798252106,-0.2570993304252625,-0.3250539600849151,1.2184696791468346e-07,0.0,0.0,0.0,1.2184696791468346e-07,0.0,0.0,0.0,1.2184696791468346e-07,-0.24516625,1.0591182000000015,12.3956056,8.999999999999999e-08,0.0,0.0,0.0,8.999999999999999e-08,0.0,0.0,0.0,8.999999999999999e-08
1538767938.645155,1090,1538767938,644940039,base_link,-0.35076390516536393,0.011882323749577648,0.031886292639644265,-0.935845477393118,1.0,0.0,0.0,0.0,1.0,0.0,0.0,0.0,1.0,0.13612531125545502,-0.25863894820213323,-0.30745005607604975,1.2184696791468346e-07,0.0,0.0,0.0,1.2184696791468346e-07,0.0,0.0,0.0,1.2184696791468346e-07,-0.20593965,0.7845320000000016,12.24850585,8.999999999999999e-08,0.0,0.0,0.0,8.999999999999999e-08,0.0,0.0,0.0,8.999999999999999e-08
1538767939.0704198,1091,1538767939,70168423,base_link,-0.3631049728005006,0.039353180939469705,0.1184353008325642,-0.9233521459303557,1.0,0.0,0.0,0.0,1.0,0.0,0.0,0.0,1.0,-0.01991337351500988,-0.25387671589851385,-0.2858172953128814,1.2184696791468346e-07,0.0,0.0,0.0,1.2184696791468346e-07,0.0,0.0,0.0,1.2184696791468346e-07,0.0,0.2647795500000018,14.572681900000001,8.999999999999999e-08,0.0,0.0,0.0,8.999999999999999e-08,0.0,0.0,0.0,8.999999999999999e-08
1538767939.436428,1092,1538767939,426125671,base_link,-0.37821048416614944,0.07492657635337839,0.17091234152473406,-0.9067148445554979,1.0,0.0,0.0,0.0,1.0,0.0,0.0,0.0,1.0,0.03795843571424484,-0.2736706733703614,-0.2841863632202148,1.2184696791468346e-07,0.0,0.0,0.0,1.2184696791468346e-07,0.0,0.0,0.0,1.2184696791468346e-07,-0.0196133,0.8825985000000015,12.9251647,8.999999999999999e-08,0.0,0.0,0.0,8.999999999999999e-08,0.0,0.0,0.0,8.999999999999999e-08
1538767939.860222,1093,1538767939,859958407,base_link,-0.36364458708948394,0.09905121030247714,0.25771920420848715,-0.8896810011460721,1.0,0.0,0.0,0.0,1.0,0.0,0.0,0.0,1.0,0.01544913835823536,-0.26285082101821905,-0.38329809904098505,1.2184696791468346e-07,0.0,0.0,0.0,1.2184696791468346e-07,0.0,0.0,0.0,1.2184696791468346e-07,0.2549729,0.5491724000000016,12.67999845,8.999999999999999e-08,0.0,0.0,0.0,8.999999999999999e-08,0.0,0.0,0.0,8.999999999999999e-08
1538767940.1122339,1094,1538767940,111766695,base_link,-0.36339402434869467,0.1212120658011902,0.302498415332379,-0.8727812594764324,1.0,0.0,0.0,0.0,1.0,0.0,0.0,0.0,1.0,0.03446696698665619,-0.33718487620353704,-0.23681505024433133,1.2184696791468346e-07,0.0,0.0,0.0,1.2184696791468346e-07,0.0,0.0,0.0,1.2184696791468346e-07,0.2745862,0.41187930000000167,13.69989005,8.999999999999999e-08,0.0,0.0,0.0,8.999999999999999e-08,0.0,0.0,0.0,8.999999999999999e-08
1538767940.5827658,1095,1538767940,582129863,base_link,-0.34617064353698224,0.1771500094980131,0.37617359699380193,-0.8409977316335581,1.0,0.0,0.0,0.0,1.0,0.0,0.0,0.0,1.0,0.07899276167154312,-0.3046280443668366,-0.2587634921073913,1.2184696791468346e-07,0.0,0.0,0.0,1.2184696791468346e-07,0.0,0.0,0.0,1.2184696791468346e-07,0.2549729,1.147378050000002,16.4947853,8.999999999999999e-08,0.0,0.0,0.0,8.999999999999999e-08,0.0,0.0,0.0,8.999999999999999e-08
1538767940.9598103,1096,1538767940,959342471,base_link,-0.3371813572551563,0.1991119022676843,0.45796366367309965,-0.7980804880775039,1.0,0.0,0.0,0.0,1.0,0.0,0.0,0.0,1.0,-0.014505825936794281,-0.29277446866035467,-0.44350326061248774,1.2184696791468346e-07,0.0,0.0,0.0,1.2184696791468346e-07,0.0,0.0,0.0,1.2184696791468346e-07,0.2353596,0.9708583500000015,12.4740588,8.999999999999999e-08,0.0,0.0,0.0,8.999999999999999e-08,0.0,0.0,0.0,8.999999999999999e-08
1538767941.2905962,1097,1538767941,290333639,base_link,-0.32017163146779676,0.21783890099012815,0.5257660974393206,-0.75736804157694,1.0,0.0,0.0,0.0,1.0,0.0,0.0,0.0,1.0,-0.016392482444643974,-0.30702555179595953,-0.3021440505981445,1.2184696791468346e-07,0.0,0.0,0.0,1.2184696791468346e-07,0.0,0.0,0.0,1.2184696791468346e-07,0.196133,0.5197524500000014,10.97364135,8.999999999999999e-08,0.0,0.0,0.0,8.999999999999999e-08,0.0,0.0,0.0,8.999999999999999e-08
1538767941.6325283,1098,1538767941,632245671,base_link,-0.3020630409417199,0.24175412085542083,0.5748100733722964,-0.7210452440008177,1.0,0.0,0.0,0.0,1.0,0.0,0.0,0.0,1.0,-0.03528846800327301,-0.3248019218444825,-0.29807078838348383,1.2184696791468346e-07,0.0,0.0,0.0,1.2184696791468346e-07,0.0,0.0,0.0,1.2184696791468346e-07,0.26477955,0.7453054000000017,13.50375705,8.999999999999999e-08,0.0,0.0,0.0,8.999999999999999e-08,0.0,0.0,0.0,8.999999999999999e-08
1538767941.8612022,1099,1538767941,858795783,base_link,-0.2843016601665961,0.2580184778216953,0.6125312606032491,-0.6909446330299461,1.0,0.0,0.0,0.0,1.0,0.0,0.0,0.0,1.0,-0.11820569634437561,-0.31553429365158087,-0.3315382599830627,1.2184696791468346e-07,0.0,0.0,0.0,1.2184696791468346e-07,0.0,0.0,0.0,1.2184696791468346e-07,0.2157463,1.2454445500000015,12.85651815,8.999999999999999e-08,0.0,0.0,0.0,8.999999999999999e-08,0.0,0.0,0.0,8.999999999999999e-08
1538767942.2318761,1100,1538767942,231366535,base_link,0.24618801647348562,-0.27075667965243305,-0.6755442072320851,0.6400955436836084,1.0,0.0,0.0,0.0,1.0,0.0,0.0,0.0,1.0,0.07305152714252472,-0.36387962102890015,-0.16211816668510431,1.2184696791468346e-07,0.0,0.0,0.0,1.2184696791468346e-07,0.0,0.0,0.0,1.2184696791468346e-07,0.34323275,-0.029419949999998113,15.38663385,8.999999999999999e-08,0.0,0.0,0.0,8.999999999999999e-08,0.0,0.0,0.0,8.999999999999999e-08
1538767942.5370138,1101,1538767942,536109127,base_link,0.18655036808051234,-0.26891126283098804,-0.7121698330149872,0.6210473587699039,1.0,0.0,0.0,0.0,1.0,0.0,0.0,0.0,1.0,-0.2574765980243683,-0.27257436513900757,-0.18268148601055142,1.2184696791468346e-07,0.0,0.0,0.0,1.2184696791468346e-07,0.0,0.0,0.0,1.2184696791468346e-07,0.30400615,1.117958100000002,16.7497582,8.999999999999999e-08,0.0,0.0,0.0,8.999999999999999e-08,0.0,0.0,0.0,8.999999999999999e-08
1538767942.871829,1102,1538767942,871541447,base_link,0.1730292661369553,-0.27940626477519015,-0.74981297539319,0.5742591002295866,1.0,0.0,0.0,0.0,1.0,0.0,0.0,0.0,1.0,0.13125766813755035,-0.18093095719814303,-0.3177567422389984,1.2184696791468346e-07,0.0,0.0,0.0,1.2184696791468346e-07,0.0,0.0,0.0,1.2184696791468346e-07,-0.3726527,0.6472389000000015,12.52309205,8.999999999999999e-08,0.0,0.0,0.0,8.999999999999999e-08,0.0,0.0,0.0,8.999999999999999e-08
1538767943.2696817,1103,1538767943,268852743,base_link,0.17102956497250654,-0.31063794327747085,-0.777388935482396,0.5195376782209403,1.0,0.0,0.0,0.0,1.0,0.0,0.0,0.0,1.0,0.004589816555380821,-0.18810011446475985,-0.23140633106231687,1.2184696791468346e-07,0.0,0.0,0.0,1.2184696791468346e-07,0.0,0.0,0.0,1.2184696791468346e-07,-0.40207265000000003,0.7354987500000013,10.198916,8.999999999999999e-08,0.0,0.0,0.0,8.999999999999999e-08,0.0,0.0,0.0,8.999999999999999e-08
1538767943.6706917,1104,1538767943,670079431,base_link,0.14776907535193395,-0.30781635834916565,-0.812475853330264,0.4725424612217951,1.0,0.0,0.0,0.0,1.0,0.0,0.0,0.0,1.0,-0.2955513894557953,-0.1673097759485245,-0.2634860575199127,1.2184696791468346e-07,0.0,0.0,0.0,1.2184696791468346e-07,0.0,0.0,0.0,1.2184696791468346e-07,-0.3334261,0.8433719000000014,11.4737805,8.999999999999999e-08,0.0,0.0,0.0,8.999999999999999e-08,0.0,0.0,0.0,8.999999999999999e-08
1538767944.0926912,1105,1538767944,92355495,base_link,0.11125345367131133,-0.25972043231482694,-0.8617085553045792,0.42145739025351037,1.0,0.0,0.0,0.0,1.0,0.0,0.0,0.0,1.0,-0.3826547861099243,-0.08497037738561633,-0.26041173934936523,1.2184696791468346e-07,0.0,0.0,0.0,1.2184696791468346e-07,0.0,0.0,0.0,1.2184696791468346e-07,-0.48052585000000003,0.7256921000000014,11.18938765,8.999999999999999e-08,0.0,0.0,0.0,8.999999999999999e-08,0.0,0.0,0.0,8.999999999999999e-08
1538767944.5531437,1106,1538767944,552484007,base_link,0.0780884095004344,-0.18591321542061576,-0.9017615640455972,0.3823147371521257,1.0,0.0,0.0,0.0,1.0,0.0,0.0,0.0,1.0,-0.41404950618743896,-0.02201955392956736,-0.18846485018730164,1.2184696791468346e-07,0.0,0.0,0.0,1.2184696791468346e-07,0.0,0.0,0.0,1.2184696791468346e-07,-0.6472389000000001,0.6864655000000013,9.91452315,8.999999999999999e-08,0.0,0.0,0.0,8.999999999999999e-08,0.0,0.0,0.0,8.999999999999999e-08
1538767944.9326382,1107,1538767944,931417159,base_link,0.04892138171719812,-0.10587088433904646,-0.9253471947473768,0.3607362241767646,1.0,0.0,0.0,0.0,1.0,0.0,0.0,0.0,1.0,-0.4613696336746216,-0.006632023025304093,-0.1116071492433548,1.2184696791468346e-07,0.0,0.0,0.0,1.2184696791468346e-07,0.0,0.0,0.0,1.2184696791468346e-07,-0.784532,0.5001391500000011,9.012311350000001,8.999999999999999e-08,0.0,0.0,0.0,8.999999999999999e-08,0.0,0.0,0.0,8.999999999999999e-08
1538767945.2867625,1108,1538767945,284354599,base_link,0.026248934093793606,-0.03404276918292849,-0.9353207050928332,0.3511798142689054,1.0,0.0,0.0,0.0,1.0,0.0,0.0,0.0,1.0,-0.3086521029472351,0.010879138484597206,-0.0053166481666266936,1.2184696791468346e-07,0.0,0.0,0.0,1.2184696791468346e-07,0.0,0.0,0.0,1.2184696791468346e-07,-0.65704555,0.14709975000000122,9.9047165,8.999999999999999e-08,0.0,0.0,0.0,8.999999999999999e-08,0.0,0.0,0.0,8.999999999999999e-08
1538767945.6849205,1109,1538767945,682277319,base_link,0.006436052415748333,0.03769042925417089,-0.9349550647277192,0.3526996395120423,1.0,0.0,0.0,0.0,1.0,0.0,0.0,0.0,1.0,-0.38161200284957886,0.04540765658020973,-0.016929434612393386,1.2184696791468346e-07,0.0,0.0,0.0,1.2184696791468346e-07,0.0,0.0,0.0,1.2184696791468346e-07,-0.5687857000000001,0.5687857000000013,10.03220295,8.999999999999999e-08,0.0,0.0,0.0,8.999999999999999e-08,0.0,0.0,0.0,8.999999999999999e-08
1538767946.062042,1110,1538767946,61819335,base_link,-0.001632304481303883,0.08378254174127192,-0.9318797546536457,0.3529560088001241,1.0,0.0,0.0,0.0,1.0,0.0,0.0,0.0,1.0,-0.30382272601127625,0.03678447008132936,0.08916188031435013,1.2184696791468346e-07,0.0,0.0,0.0,1.2184696791468346e-07,0.0,0.0,0.0,1.2184696791468346e-07,-0.77472535,-0.009806649999998859,9.32612415,8.999999999999999e-08,0.0,0.0,0.0,8.999999999999999e-08,0.0,0.0,0.0,8.999999999999999e-08
1538767946.429239,1111,1538767946,428873991,base_link,-0.005543282427294888,0.11637653693598339,-0.9188174019672141,0.37709462408384703,1.0,0.0,0.0,0.0,1.0,0.0,0.0,0.0,1.0,-0.09861131757497787,0.020743269473314303,0.1519492119550705,1.2184696791468346e-07,0.0,0.0,0.0,1.2184696791468346e-07,0.0,0.0,0.0,1.2184696791468346e-07,-0.7453054,0.40207265000000103,8.384685750000001,8.999999999999999e-08,0.0,0.0,0.0,8.999999999999999e-08,0.0,0.0,0.0,8.999999999999999e-08
1538767946.8047516,1112,1538767946,804367751,base_link,0.0005889594779862847,0.12306397435580851,-0.9130694616468402,0.3887918074631145,1.0,0.0,0.0,0.0,1.0,0.0,0.0,0.0,1.0,0.10206308960914612,-0.015053536742925642,0.016747772693634037,1.2184696791468346e-07,0.0,0.0,0.0,1.2184696791468346e-07,0.0,0.0,0.0,1.2184696791468346e-07,-0.71588545,0.500139150000001,7.8257067000000005,8.999999999999999e-08,0.0,0.0,0.0,8.999999999999999e-08,0.0,0.0,0.0,8.999999999999999e-08
1538767947.2390537,1113,1538767947,238690311,base_link,-0.016581735916358763,0.1449196768061897,-0.9021523678072647,0.40601039219228807,1.0,0.0,0.0,0.0,1.0,0.0,0.0,0.0,1.0,-0.28132864832878113,-0.042823676019906984,0.11235801875591278,1.2184696791468346e-07,0.0,0.0,0.0,1.2184696791468346e-07,0.0,0.0,0.0,1.2184696791468346e-07,-0.50013915,0.13729310000000106,8.65927195,8.999999999999999e-08,0.0,0.0,0.0,8.999999999999999e-08,0.0,0.0,0.0,8.999999999999999e-08
1538767947.6439939,1114,1538767947,643626983,base_link,-0.0078511422156139,0.10832605026559394,-0.8970291125297718,0.4284187176977873,1.0,0.0,0.0,0.0,1.0,0.0,0.0,0.0,1.0,0.5195668339729309,-0.05528890714049337,0.17921194434165955,1.2184696791468346e-07,0.0,0.0,0.0,1.2184696791468346e-07,0.0,0.0,0.0,1.2184696791468346e-07,-0.28439285000000003,-0.04903324999999859,11.50320045,8.999999999999999e-08,0.0,0.0,0.0,8.999999999999999e-08,0.0,0.0,0.0,8.999999999999999e-08
1538767948.055903,1115,1538767948,54068583,base_link,0.027887762042463994,0.014776874708806698,-0.889493661910073,0.4558562735379563,1.0,0.0,0.0,0.0,1.0,0.0,0.0,0.0,1.0,0.33882686495780945,-0.06523209810256957,0.08076523244380952,1.2184696791468346e-07,0.0,0.0,0.0,1.2184696791468346e-07,0.0,0.0,0.0,1.2184696791468346e-07,-0.28439285000000003,0.5197524500000015,11.79739995,8.999999999999999e-08,0.0,0.0,0.0,8.999999999999999e-08,0.0,0.0,0.0,8.999999999999999e-08
1538767948.3242614,1116,1538767948,323972743,base_link,0.048069412921298356,-0.03863595914982908,-0.888219612918482,0.4552609289505487,1.0,0.0,0.0,0.0,1.0,0.0,0.0,0.0,1.0,0.36945590376853943,-0.04255601018667222,-0.033410999923944466,1.2184696791468346e-07,0.0,0.0,0.0,1.2184696791468346e-07,0.0,0.0,0.0,1.2184696791468346e-07,-0.20593965,0.6766588500000013,10.69905515,8.999999999999999e-08,0.0,0.0,0.0,8.999999999999999e-08,0.0,0.0,0.0,8.999999999999999e-08
1538767948.7333753,1117,1538767948,733125703,base_link,0.06955799909779913,-0.10226766635124748,-0.8942464466722788,0.43014683748062554,1.0,0.0,0.0,0.0,1.0,0.0,0.0,0.0,1.0,0.3887104392051697,-0.0506773814558983,-0.13581600785255432,1.2184696791468346e-07,0.0,0.0,0.0,1.2184696791468346e-07,0.0,0.0,0.0,1.2184696791468346e-07,0.0392266,0.3726527000000014,11.13054775,8.999999999999999e-08,0.0,0.0,0.0,8.999999999999999e-08,0.0,0.0,0.0,8.999999999999999e-08
1538767949.0606294,1118,1538767949,60312615,base_link,0.08524566015463676,-0.16190684549277215,-0.8937990789043231,0.40944176308379104,1.0,0.0,0.0,0.0,1.0,0.0,0.0,0.0,1.0,0.20132826268672943,-0.1119222864508629,-0.06996452808380126,1.2184696791468346e-07,0.0,0.0,0.0,1.2184696791468346e-07,0.0,0.0,0.0,1.2184696791468346e-07,0.0196133,0.4805258500000015,11.7091401,8.999999999999999e-08,0.0,0.0,0.0,8.999999999999999e-08,0.0,0.0,0.0,8.999999999999999e-08
1538767949.6168957,1119,1538767949,615197447,base_link,0.07983126368627877,-0.21473769402716059,-0.8990124624457769,0.37321747610385275,1.0,0.0,0.0,0.0,1.0,0.0,0.0,0.0,1.0,0.14895044267177582,-0.1622633934020996,-0.08611916750669478,1.2184696791468346e-07,0.0,0.0,0.0,1.2184696791468346e-07,0.0,0.0,0.0,1.2184696791468346e-07,0.3334261,0.6374322500000016,11.9837263,8.999999999999999e-08,0.0,0.0,0.0,8.999999999999999e-08,0.0,0.0,0.0,8.999999999999999e-08
1538767949.9326372,1120,1538767949,932413447,base_link,0.0644441633732588,-0.23233291155600658,-0.9050048013626995,0.3504777846390414,1.0,0.0,0.0,0.0,1.0,0.0,0.0,0.0,1.0,0.0018000174313783646,-0.16375747323036197,-0.16797153651714322,1.2184696791468346e-07,0.0,0.0,0.0,1.2184696791468346e-07,0.0,0.0,0.0,1.2184696791468346e-07,0.5687857000000001,1.0296982500000016,13.72931,8.999999999999999e-08,0.0,0.0,0.0,8.999999999999999e-08,0.0,0.0,0.0,8.999999999999999e-08
1538767950.2786026,1121,1538767950,277952999,base_link,0.05478532461240515,-0.23557202156680862,-0.9193728314044085,0.3102547142872796,1.0,0.0,0.0,0.0,1.0,0.0,0.0,0.0,1.0,-0.05410810559988022,-0.11286826431751254,-0.2565363943576813,1.2184696791468346e-07,0.0,0.0,0.0,1.2184696791468346e-07,0.0,0.0,0.0,1.2184696791468346e-07,0.50013915,0.8041453000000013,10.355822400000001,8.999999999999999e-08,0.0,0.0,0.0,8.999999999999999e-08,0.0,0.0,0.0,8.999999999999999e-08
1538767950.758367,1122,1538767950,758099559,base_link,0.04381374730218774,-0.24839473848072338,-0.9359643497722232,0.24566470116378558,1.0,0.0,0.0,0.0,1.0,0.0,0.0,0.0,1.0,0.035663753747940063,-0.14071774482727054,-0.18715289235115048,1.2184696791468346e-07,0.0,0.0,0.0,1.2184696791468346e-07,0.0,0.0,0.0,1.2184696791468346e-07,0.46091255,0.4903325000000014,11.346294050000001,8.999999999999999e-08,0.0,0.0,0.0,8.999999999999999e-08,0.0,0.0,0.0,8.999999999999999e-08
1538767951.091703,1123,1538767951,91481639,base_link,0.031030064489047805,-0.2644464293902629,-0.9405932050098664,0.21068849937719325,1.0,0.0,0.0,0.0,1.0,0.0,0.0,0.0,1.0,-0.012595681473612785,-0.14020109176635745,-0.19119171798229215,1.2184696791468346e-07,0.0,0.0,0.0,1.2184696791468346e-07,0.0,0.0,0.0,1.2184696791468346e-07,0.6668522,0.8825985000000015,12.11121275,8.999999999999999e-08,0.0,0.0,0.0,8.999999999999999e-08,0.0,0.0,0.0,8.999999999999999e-08
1538767951.587197,1124,1538767951,586616167,base_link,0.01931673841708381,-0.27270729174586456,-0.9509218401573121,0.14493188247377897,1.0,0.0,0.0,0.0,1.0,0.0,0.0,0.0,1.0,-0.00741681270301342,-0.13457256555557254,-0.2388331443071365,1.2184696791468346e-07,0.0,0.0,0.0,1.2184696791468346e-07,0.0,0.0,0.0,1.2184696791468346e-07,0.30400615,0.5687857000000012,9.30651085,8.999999999999999e-08,0.0,0.0,0.0,8.999999999999999e-08,0.0,0.0,0.0,8.999999999999999e-08
1538767951.9668834,1125,1538767951,966450183,base_link,0.004975876373033148,-0.26831203555471045,-0.958827212223641,0.09292076910061063,1.0,0.0,0.0,0.0,1.0,0.0,0.0,0.0,1.0,-0.02990022487938404,-0.1333851665258408,-0.27287614345550537,1.2184696791468346e-07,0.0,0.0,0.0,1.2184696791468346e-07,0.0,0.0,0.0,1.2184696791468346e-07,0.53936575,0.9806650000000012,10.50292215,8.999999999999999e-08,0.0,0.0,0.0,8.999999999999999e-08,0.0,0.0,0.0,8.999999999999999e-08
1538767952.2996342,1126,1538767952,299398887,base_link,-0.007382914885672609,-0.276619226390538,-0.9599430609001798,0.04400699931243795,1.0,0.0,0.0,0.0,1.0,0.0,0.0,0.0,1.0,0.17984312772750854,-0.1888602524995804,-0.20321150124073026,1.2184696791468346e-07,0.0,0.0,0.0,1.2184696791468346e-07,0.0,0.0,0.0,1.2184696791468346e-07,0.53936575,0.4118793000000014,11.3168741,8.999999999999999e-08,0.0,0.0,0.0,8.999999999999999e-08,0.0,0.0,0.0,8.999999999999999e-08
1538767952.7478282,1127,1538767952,747554183,base_link,-0.03879482225082659,-0.30810111296473897,-0.950554873546033,-0.003754774866910348,1.0,0.0,0.0,0.0,1.0,0.0,0.0,0.0,1.0,0.08538153767585754,-0.18724010884761813,-0.19594225287437436,1.2184696791468346e-07,0.0,0.0,0.0,1.2184696791468346e-07,0.0,0.0,0.0,1.2184696791468346e-07,1.0198916,1.1964113000000016,12.71922505,8.999999999999999e-08,0.0,0.0,0.0,8.999999999999999e-08,0.0,0.0,0.0,8.999999999999999e-08
1538767953.066525,1128,1538767953,66302503,base_link,-0.04853837163879518,-0.3068039254671318,-0.9490229629997405,-0.053579786261293956,1.0,0.0,0.0,0.0,1.0,0.0,0.0,0.0,1.0,0.009570341557264328,-0.14360263943672183,-0.32514065504074097,1.2184696791468346e-07,0.0,0.0,0.0,1.2184696791468346e-07,0.0,0.0,0.0,1.2184696791468346e-07,1.01008495,1.0787315000000013,10.2381426,8.999999999999999e-08,0.0,0.0,0.0,8.999999999999999e-08,0.0,0.0,0.0,8.999999999999999e-08
1538767953.5084832,1129,1538767953,507685703,base_link,-0.06401491936315577,-0.3331153488674232,-0.9299371022717926,-0.14196210855790037,1.0,0.0,0.0,0.0,1.0,0.0,0.0,0.0,1.0,0.3235032558441162,-0.23278512060642248,-0.38359135389328,1.2184696791468346e-07,0.0,0.0,0.0,1.2184696791468346e-07,0.0,0.0,0.0,1.2184696791468346e-07,1.06892485,1.0100849500000013,11.2384209,8.999999999999999e-08,0.0,0.0,0.0,8.999999999999999e-08,0.0,0.0,0.0,8.999999999999999e-08
1538767953.7750018,1130,1538767953,774595175,base_link,-0.09528445329211412,-0.3697310851996793,-0.9038541535909459,-0.1930478350934942,1.0,0.0,0.0,0.0,1.0,0.0,0.0,0.0,1.0,0.22614897787570953,-0.3845407664775849,-0.290009319782257,1.2184696791468346e-07,0.0,0.0,0.0,1.2184696791468346e-07,0.0,0.0,0.0,1.2184696791468346e-07,1.5886773,1.000278300000002,15.72005995,8.999999999999999e-08,0.0,0.0,0.0,8.999999999999999e-08,0.0,0.0,0.0,8.999999999999999e-08
1538767954.1705227,1131,1538767954,169932071,base_link,-0.1213021170133383,-0.3444083962583495,-0.8881056666111975,-0.2791719504676548,1.0,0.0,0.0,0.0,1.0,0.0,0.0,0.0,1.0,-0.24187412858009338,-0.22480271756649023,-0.4715753495693207,1.2184696791468346e-07,0.0,0.0,0.0,1.2184696791468346e-07,0.0,0.0,0.0,1.2184696791468346e-07,1.83384355,1.8632635000000017,13.24878415,8.999999999999999e-08,0.0,0.0,0.0,8.999999999999999e-08,0.0,0.0,0.0,8.999999999999999e-08
1538767954.5682247,1132,1538767954,566518151,base_link,-0.13982049072601743,-0.3343965238527904,-0.8496562687696387,-0.383031878763062,1.0,0.0,0.0,0.0,1.0,0.0,0.0,0.0,1.0,0.07125566154718399,-0.36367189884185797,-0.4186177551746368,1.2184696791468346e-07,0.0,0.0,0.0,1.2184696791468346e-07,0.0,0.0,0.0,1.2184696791468346e-07,0.99047165,0.7060788000000016,12.13082605,8.999999999999999e-08,0.0,0.0,0.0,8.999999999999999e-08,0.0,0.0,0.0,8.999999999999999e-08
1538767955.0653284,1133,1538767955,64976807,base_link,-0.21340942160410586,-0.32495978707877454,-0.7863754354971799,-0.4800741921817284,1.0,0.0,0.0,0.0,1.0,0.0,0.0,0.0,1.0,0.0043846238404512405,-0.4522722959518433,-0.29109865427017206,1.2184696791468346e-07,0.0,0.0,0.0,1.2184696791468346e-07,0.0,0.0,0.0,1.2184696791468346e-07,1.24544455,1.255251200000002,15.9652262,8.999999999999999e-08,0.0,0.0,0.0,8.999999999999999e-08,0.0,0.0,0.0,8.999999999999999e-08
1538767955.4625227,1134,1538767955,462034535,base_link,-0.2594595424412012,-0.3074034513691793,-0.7294025060721646,-0.553313516966796,1.0,0.0,0.0,0.0,1.0,0.0,0.0,0.0,1.0,-0.05079009383916855,-0.45993426442146307,-0.4161581695079803,1.2184696791468346e-07,0.0,0.0,0.0,1.2184696791468346e-07,0.0,0.0,0.0,1.2184696791468346e-07,1.01008495,1.2356379000000017,14.1019627,8.999999999999999e-08,0.0,0.0,0.0,8.999999999999999e-08,0.0,0.0,0.0,8.999999999999999e-08
1538767955.802561,1135,1538767955,802053799,base_link,-0.29408610393686807,-0.2667034276452918,-0.6745873232293707,-0.6223460359733309,1.0,0.0,0.0,0.0,1.0,0.0,0.0,0.0,1.0,0.01948271505534649,-0.4746238291263581,-0.26477095484733576,1.2184696791468346e-07,0.0,0.0,0.0,1.2184696791468346e-07,0.0,0.0,0.0,1.2184696791468346e-07,1.08853815,0.3432327500000024,19.83885295,8.999999999999999e-08,0.0,0.0,0.0,8.999999999999999e-08,0.0,0.0,0.0,8.999999999999999e-08
1538767956.136377,1136,1538767956,135061031,base_link,-0.31806803843270354,-0.2240389062280459,-0.6414959565172853,-0.6611521982083143,1.0,0.0,0.0,0.0,1.0,0.0,0.0,0.0,1.0,-0.3557898998260498,-0.32310071587562567,-0.23018127679824826,1.2184696791468346e-07,0.0,0.0,0.0,1.2184696791468346e-07,0.0,0.0,0.0,1.2184696791468346e-07,0.79433865,1.6769371500000019,15.7690932,8.999999999999999e-08,0.0,0.0,0.0,8.999999999999999e-08,0.0,0.0,0.0,8.999999999999999e-08
1538767956.475156,1137,1538767956,474879367,base_link,-0.31436740023973037,-0.21674852589979826,-0.5834811579266537,-0.7167586431507812,1.0,0.0,0.0,0.0,1.0,0.0,0.0,0.0,1.0,-0.039447084069252014,-0.1629756391048432,-0.5440293550491333,1.2184696791468346e-07,0.0,0.0,0.0,1.2184696791468346e-07,0.0,0.0,0.0,1.2184696791468346e-07,0.1372931,1.255251200000001,7.4334407,8.999999999999999e-08,0.0,0.0,0.0,8.999999999999999e-08,0.0,0.0,0.0,8.999999999999999e-08
1538767956.8675196,1138,1538767956,867237543,base_link,-0.3149221275136703,-0.2114458779647525,-0.5084048199417776,-0.7730712990106068,1.0,0.0,0.0,0.0,1.0,0.0,0.0,0.0,1.0,0.13220982253551483,-0.25332015752792364,-0.31346708536148066,1.2184696791468346e-07,0.0,0.0,0.0,1.2184696791468346e-07,0.0,0.0,0.0,1.2184696791468346e-07,-0.02941995,0.18632635000000133,10.79712165,8.999999999999999e-08,0.0,0.0,0.0,8.999999999999999e-08,0.0,0.0,0.0,8.999999999999999e-08
1538767957.1872797,1139,1538767957,186603239,base_link,-0.3338336341719091,-0.1846736846977878,-0.4655464361462151,-0.7985720071898814,1.0,0.0,0.0,0.0,1.0,0.0,0.0,0.0,1.0,-0.05810766667127609,-0.3182622492313385,-0.17850780487060544,1.2184696791468346e-07,0.0,0.0,0.0,1.2184696791468346e-07,0.0,0.0,0.0,1.2184696791468346e-07,-0.20593965,0.5197524500000015,12.07198615,8.999999999999999e-08,0.0,0.0,0.0,8.999999999999999e-08,0.0,0.0,0.0,8.999999999999999e-08
1538767957.605756,1140,1538767957,605361671,base_link,-0.3285212684020316,-0.14111060033533862,-0.4107771773487273,-0.8387035741249305,1.0,0.0,0.0,0.0,1.0,0.0,0.0,0.0,1.0,-0.269500732421875,-0.21777053177356726,-0.34959596395492554,1.2184696791468346e-07,0.0,0.0,0.0,1.2184696791468346e-07,0.0,0.0,0.0,1.2184696791468346e-07,-0.04903325,1.4415775500000017,14.44519545,8.999999999999999e-08,0.0,0.0,0.0,8.999999999999999e-08,0.0,0.0,0.0,8.999999999999999e-08
1538767958.0458984,1141,1538767958,44512487,base_link,-0.33438185255445857,-0.13088329109097294,-0.33460281132247865,-0.8712630483674476,1.0,0.0,0.0,0.0,1.0,0.0,0.0,0.0,1.0,0.11894208192825317,-0.15314641594886783,-0.2609745264053345,1.2184696791468346e-07,0.0,0.0,0.0,1.2184696791468346e-07,0.0,0.0,0.0,1.2184696791468346e-07,-0.26477955,0.10787315000000129,10.5519554,8.999999999999999e-08,0.0,0.0,0.0,8.999999999999999e-08,0.0,0.0,0.0,8.999999999999999e-08
1538767958.3676815,1142,1538767958,367161415,base_link,-0.35390753911968126,-0.13045237399614637,-0.291152243998844,-0.879182576423952,1.0,0.0,0.0,0.0,1.0,0.0,0.0,0.0,1.0,0.014788239262998104,-0.12929087877273562,-0.3370550274848938,1.2184696791468346e-07,0.0,0.0,0.0,1.2184696791468346e-07,0.0,0.0,0.0,1.2184696791468346e-07,-0.4314926,0.8924051500000011,8.77695175,8.999999999999999e-08,0.0,0.0,0.0,8.999999999999999e-08,0.0,0.0,0.0,8.999999999999999e-08
1538767958.8599646,1143,1538767958,859538791,base_link,-0.34888704517588726,-0.12484157765149337,-0.19079239222581096,-0.9090053208131824,1.0,0.0,0.0,0.0,1.0,0.0,0.0,0.0,1.0,-0.10280629247426987,-0.24951346218585974,-0.39561504125595087,1.2184696791468346e-07,0.0,0.0,0.0,1.2184696791468346e-07,0.0,0.0,0.0,1.2184696791468346e-07,-0.588399,0.5687857000000013,10.9442214,8.999999999999999e-08,0.0,0.0,0.0,8.999999999999999e-08,0.0,0.0,0.0,8.999999999999999e-08
1538767959.2736204,1144,1538767959,272450151,base_link,-0.3416929269965778,-0.09276108454429442,-0.11809505227734973,-0.9277364299531885,1.0,0.0,0.0,0.0,1.0,0.0,0.0,0.0,1.0,-0.012575853615999222,-0.28863158822059637,-0.24368484318256375,1.2184696791468346e-07,0.0,0.0,0.0,1.2184696791468346e-07,0.0,0.0,0.0,1.2184696791468346e-07,-0.588399,0.47071920000000156,12.42502555,8.999999999999999e-08,0.0,0.0,0.0,8.999999999999999e-08,0.0,0.0,0.0,8.999999999999999e-08
1538767959.748321,1145,1538767959,747540487,base_link,-0.33065574262811026,-0.05624569112712882,-0.03411398328437604,-0.9414560203435728,1.0,0.0,0.0,0.0,1.0,0.0,0.0,0.0,1.0,-0.19599071145057678,-0.2457147687673569,-0.3335664570331573,1.2184696791468346e-07,0.0,0.0,0.0,1.2184696791468346e-07,0.0,0.0,0.0,1.2184696791468346e-07,-0.4511059,0.6374322500000016,12.778064950000001,8.999999999999999e-08,0.0,0.0,0.0,8.999999999999999e-08,0.0,0.0,0.0,8.999999999999999e-08
1538767960.0119462,1146,1538767960,11688487,base_link,-0.3246828096158355,-0.037400802186160154,0.018294994899749947,-0.9449061044873277,1.0,0.0,0.0,0.0,1.0,0.0,0.0,0.0,1.0,0.03644801676273346,-0.26748803257942205,-0.32614266872406,1.2184696791468346e-07,0.0,0.0,0.0,1.2184696791468346e-07,0.0,0.0,0.0,1.2184696791468346e-07,-0.6080123,0.9512450500000017,13.50375705,8.999999999999999e-08,0.0,0.0,0.0,8.999999999999999e-08,0.0,0.0,0.0,8.999999999999999e-08
1538767960.4391963,1147,1538767960,438806279,base_link,-0.36532049632240604,-0.009172925819144896,0.10511926440265346,-0.9248820101235142,1.0,0.0,0.0,0.0,1.0,0.0,0.0,0.0,1.0,0.26093873381614685,-0.251019299030304,-0.2983692586421966,1.2184696791468346e-07,0.0,0.0,0.0,1.2184696791468346e-07,0.0,0.0,0.0,1.2184696791468346e-07,-0.5099458,0.6570455500000014,11.93469305,8.999999999999999e-08,0.0,0.0,0.0,8.999999999999999e-08,0.0,0.0,0.0,8.999999999999999e-08
1538767960.8148777,1148,1538767960,814631079,base_link,-0.3868688603119921,0.020268919527210594,0.17509766407580013,-0.9051311859931122,1.0,0.0,0.0,0.0,1.0,0.0,0.0,0.0,1.0,0.11429215967655182,-0.2919834256172181,-0.3160678148269653,1.2184696791468346e-07,0.0,0.0,0.0,1.2184696791468346e-07,0.0,0.0,0.0,1.2184696791468346e-07,-0.4118793,0.8237586000000015,11.30706745,8.999999999999999e-08,0.0,0.0,0.0,8.999999999999999e-08,0.0,0.0,0.0,8.999999999999999e-08
1538767961.13989,1149,1538767961,139361447,base_link,-0.39158990822763173,0.04733425577126911,0.2413500917559876,-0.8866605580571585,1.0,0.0,0.0,0.0,1.0,0.0,0.0,0.0,1.0,0.15790516138076782,-0.36059665679931646,-0.3540661931037902,1.2184696791468346e-07,0.0,0.0,0.0,1.2184696791468346e-07,0.0,0.0,0.0,1.2184696791468346e-07,-0.32361945000000003,0.6864655000000015,12.62115855,8.999999999999999e-08,0.0,0.0,0.0,8.999999999999999e-08,0.0,0.0,0.0,8.999999999999999e-08
1538767961.5548813,1150,1538767961,554456871,base_link,-0.40174128578736534,0.10692294392747255,0.3205974192243143,-0.8511102855344344,1.0,0.0,0.0,0.0,1.0,0.0,0.0,0.0,1.0,-0.031330641359090805,-0.46294093132019043,-0.18621340394020075,1.2184696791468346e-07,0.0,0.0,0.0,1.2184696791468346e-07,0.0,0.0,0.0,1.2184696791468346e-07,0.1569064,0.9414384000000018,14.70016835,8.999999999999999e-08,0.0,0.0,0.0,8.999999999999999e-08,0.0,0.0,0.0,8.999999999999999e-08
1538767962.0267317,1151,1538767962,26394247,base_link,-0.3179804017074514,0.13194416444042428,0.43275291099200314,-0.833189125966028,1.0,0.0,0.0,0.0,1.0,0.0,0.0,0.0,1.0,-0.23989109694957733,-0.3484618961811066,-0.430736094713211,1.2184696791468346e-07,0.0,0.0,0.0,1.2184696791468346e-07,0.0,0.0,0.0,1.2184696791468346e-07,0.18632635,1.117958100000002,16.279039,8.999999999999999e-08,0.0,0.0,0.0,8.999999999999999e-08,0.0,0.0,0.0,8.999999999999999e-08
1538767962.4120526,1152,1538767962,409950599,base_link,-0.2751666875365683,0.1575477067480407,0.5041666051428322,-0.803292006948493,1.0,0.0,0.0,0.0,1.0,0.0,0.0,0.0,1.0,-0.06002745404839516,-0.3509159088134766,-0.23164172470569605,1.2184696791468346e-07,0.0,0.0,0.0,1.2184696791468346e-07,0.0,0.0,0.0,1.2184696791468346e-07,-0.0588399,0.5982056500000019,15.21011415,8.999999999999999e-08,0.0,0.0,0.0,8.999999999999999e-08,0.0,0.0,0.0,8.999999999999999e-08
1538767962.7848158,1153,1538767962,784408551,base_link,-0.2371116526145659,0.18259370421047585,0.5546347000507392,-0.7764135192516378,1.0,0.0,0.0,0.0,1.0,0.0,0.0,0.0,1.0,-0.18977132439613342,-0.2602964043617249,-0.26352706551551813,1.2184696791468346e-07,0.0,0.0,0.0,1.2184696791468346e-07,0.0,0.0,0.0,1.2184696791468346e-07,-0.0784532,1.0983448000000018,13.8862164,8.999999999999999e-08,0.0,0.0,0.0,8.999999999999999e-08,0.0,0.0,0.0,8.999999999999999e-08
1538767963.064725,1154,1538767963,64276455,base_link,-0.1985466649547058,0.1810075779412025,0.5988492992612506,-0.7544501278000638,1.0,0.0,0.0,0.0,1.0,0.0,0.0,0.0,1.0,-0.19888705015182495,-0.17370316386222842,-0.27403780817985535,1.2184696791468346e-07,0.0,0.0,0.0,1.2184696791468346e-07,0.0,0.0,0.0,1.2184696791468346e-07,0.0,0.8825985000000018,14.46480875,8.999999999999999e-08,0.0,0.0,0.0,8.999999999999999e-08,0.0,0.0,0.0,8.999999999999999e-08
1538767963.5336347,1155,1538767963,533224167,base_link,-0.15059737902604295,0.16998386146562885,0.644038314673584,-0.730507060543654,1.0,0.0,0.0,0.0,1.0,0.0,0.0,0.0,1.0,-0.21653379499912262,-0.08067286759614946,-0.16557832062244415,1.2184696791468346e-07,0.0,0.0,0.0,1.2184696791468346e-07,0.0,0.0,0.0,1.2184696791468346e-07,-0.1569064,0.9610517000000013,10.05181625,8.999999999999999e-08,0.0,0.0,0.0,8.999999999999999e-08,0.0,0.0,0.0,8.999999999999999e-08
1538767963.7902904,1156,1538767963,789996551,base_link,-0.13369245571494717,0.1547913589502197,0.6683559743334079,-0.7151686892279976,1.0,0.0,0.0,0.0,1.0,0.0,0.0,0.0,1.0,-0.34315866231918335,0.0030845333822071322,-0.18732312321662903,1.2184696791468346e-07,0.0,0.0,0.0,1.2184696791468346e-07,0.0,0.0,0.0,1.2184696791468346e-07,-0.26477955,0.5197524500000011,9.79684335,8.999999999999999e-08,0.0,0.0,0.0,8.999999999999999e-08,0.0,0.0,0.0,8.999999999999999e-08
1538767964.1611924,1157,1538767964,160542791,base_link,-0.10279563955505204,0.12226910682231501,0.6913006662243854,-0.7046890880970573,1.0,0.0,0.0,0.0,1.0,0.0,0.0,0.0,1.0,-0.04059135168790817,0.010996286757290351,-0.09912646561861038,1.2184696791468346e-07,0.0,0.0,0.0,1.2184696791468346e-07,0.0,0.0,0.0,1.2184696791468346e-07,-0.24516625,0.25497290000000106,8.4925589,8.999999999999999e-08,0.0,0.0,0.0,8.999999999999999e-08,0.0,0.0,0.0,8.999999999999999e-08
1538767964.4939837,1158,1538767964,493174983,base_link,0.10062917751210951,-0.11631590152542721,-0.701618312267366,0.6957557930600767,1.0,0.0,0.0,0.0,1.0,0.0,0.0,0.0,1.0,-0.04138641431927681,0.029383940622210492,-0.09701988846063614,1.2184696791468346e-07,0.0,0.0,0.0,1.2184696791468346e-07,0.0,0.0,0.0,1.2184696791468346e-07,-0.28439285000000003,0.7256921000000013,9.8851032,8.999999999999999e-08,0.0,0.0,0.0,8.999999999999999e-08,0.0,0.0,0.0,8.999999999999999e-08
1538767964.952202,1159,1538767964,949962663,base_link,0.11201902501044125,-0.11356483233492547,-0.7251554770620189,0.669853940034248,1.0,0.0,0.0,0.0,1.0,0.0,0.0,0.0,1.0,0.07790961116552353,0.02173921279609201,-0.20215816795825958,1.2184696791468346e-07,0.0,0.0,0.0,1.2184696791468346e-07,0.0,0.0,0.0,1.2184696791468346e-07,-0.36284605000000003,0.8335652500000011,9.012311350000001,8.999999999999999e-08,0.0,0.0,0.0,8.999999999999999e-08,0.0,0.0,0.0,8.999999999999999e-08
1538767965.2601662,1160,1538767965,258771367,base_link,0.12321510846320172,-0.11390836567641628,-0.7454865057265035,0.6450525490648165,1.0,0.0,0.0,0.0,1.0,0.0,0.0,0.0,1.0,0.026964891701936722,0.010313510894775366,-0.2042192816734314,1.2184696791468346e-07,0.0,0.0,0.0,1.2184696791468346e-07,0.0,0.0,0.0,1.2184696791468346e-07,-0.36284605000000003,0.45110590000000106,8.58081875,8.999999999999999e-08,0.0,0.0,0.0,8.999999999999999e-08,0.0,0.0,0.0,8.999999999999999e-08
1538767965.6489706,1161,1538767965,648381447,base_link,0.14692995529576044,-0.13909917636568891,-0.761465766735477,0.6158188804032604,1.0,0.0,0.0,0.0,1.0,0.0,0.0,0.0,1.0,0.3274710476398468,-0.042534027248621,-0.13231869041919708,1.2184696791468346e-07,0.0,0.0,0.0,1.2184696791468346e-07,0.0,0.0,0.0,1.2184696791468346e-07,-0.28439285000000003,0.37265270000000117,9.7870367,8.999999999999999e-08,0.0,0.0,0.0,8.999999999999999e-08,0.0,0.0,0.0,8.999999999999999e-08
1538767965.9169827,1162,1538767965,916464743,base_link,0.15448481001102432,-0.15828333835179811,-0.7692787873288413,0.5994088551580927,1.0,0.0,0.0,0.0,1.0,0.0,0.0,0.0,1.0,0.06552211940288544,-0.07261885702610017,-0.14030201733112335,1.2184696791468346e-07,0.0,0.0,0.0,1.2184696791468346e-07,0.0,0.0,0.0,1.2184696791468346e-07,-0.20593965,0.6864655000000013,9.81645665,8.999999999999999e-08,0.0,0.0,0.0,8.999999999999999e-08,0.0,0.0,0.0,8.999999999999999e-08
1538767966.2477531,1163,1538767966,246075271,base_link,0.15309329098536437,-0.16854244572359442,-0.7883987933024409,0.5714746109531332,1.0,0.0,0.0,0.0,1.0,0.0,0.0,0.0,1.0,-0.039099305868148804,-0.07846625149250033,-0.2389981597661972,1.2184696791468346e-07,0.0,0.0,0.0,1.2184696791468346e-07,0.0,0.0,0.0,1.2184696791468346e-07,-0.0588399,1.0198916000000013,10.32640245,8.999999999999999e-08,0.0,0.0,0.0,8.999999999999999e-08,0.0,0.0,0.0,8.999999999999999e-08
1538767966.5257115,1164,1538767966,525245607,base_link,0.15313362746626985,-0.176924607765621,-0.8144180645829591,0.5310094080022969,1.0,0.0,0.0,0.0,1.0,0.0,0.0,0.0,1.0,0.13807234168052673,-0.10567238926887516,-0.2975453734397888,1.2184696791468346e-07,0.0,0.0,0.0,1.2184696791468346e-07,0.0,0.0,0.0,1.2184696791468346e-07,-0.14709975,0.3726527000000013,10.1008495,8.999999999999999e-08,0.0,0.0,0.0,8.999999999999999e-08,0.0,0.0,0.0,8.999999999999999e-08
1538767967.0314023,1165,1538767967,31145639,base_link,0.13151835441394522,-0.20966011167993037,-0.8417111074204859,0.47986245077895606,1.0,0.0,0.0,0.0,1.0,0.0,0.0,0.0,1.0,-0.06489749252796173,-0.20895238220691684,-0.14256609976291654,1.2184696791468346e-07,0.0,0.0,0.0,1.2184696791468346e-07,0.0,0.0,0.0,1.2184696791468346e-07,0.392266,1.0002783000000017,13.9058297,8.999999999999999e-08,0.0,0.0,0.0,8.999999999999999e-08,0.0,0.0,0.0,8.999999999999999e-08
1538767967.401931,1166,1538767967,401242631,base_link,0.1030055211242241,-0.20292870842228453,-0.8651962134002359,0.44681686878841503,1.0,0.0,0.0,0.0,1.0,0.0,0.0,0.0,1.0,-0.05217082053422928,-0.15242898464202884,-0.275066077709198,1.2184696791468346e-07,0.0,0.0,0.0,1.2184696791468346e-07,0.0,0.0,0.0,1.2184696791468346e-07,0.392266,0.9316317500000015,11.95430635,8.999999999999999e-08,0.0,0.0,0.0,8.999999999999999e-08,0.0,0.0,0.0,8.999999999999999e-08
1538767967.8501532,1167,1538767967,849544455,base_link,0.0845329718814659,-0.22636278081106523,-0.891647595045477,0.3828558924425562,1.0,0.0,0.0,0.0,1.0,0.0,0.0,0.0,1.0,-0.023294609040021896,-0.18370124697685244,-0.21448151767253873,1.2184696791468346e-07,0.0,0.0,0.0,1.2184696791468346e-07,0.0,0.0,0.0,1.2184696791468346e-07,0.3530394,0.5883990000000014,11.2776475,8.999999999999999e-08,0.0,0.0,0.0,8.999999999999999e-08,0.0,0.0,0.0,8.999999999999999e-08
1538767968.1869967,1168,1538767968,186595623,base_link,0.06041166129492299,-0.2267429771349423,-0.9066464188483634,0.35061421062046044,1.0,0.0,0.0,0.0,1.0,0.0,0.0,0.0,1.0,-0.13277573883533478,-0.15023142099380496,-0.1800466328859329,1.2184696791468346e-07,0.0,0.0,0.0,1.2184696791468346e-07,0.0,0.0,0.0,1.2184696791468346e-07,0.61781895,1.0493115500000016,12.69961175,8.999999999999999e-08,0.0,0.0,0.0,8.999999999999999e-08,0.0,0.0,0.0,8.999999999999999e-08
1538767968.594236,1169,1538767968,593744071,base_link,0.045164615298019295,-0.23098842138852865,-0.9229739663345079,0.3045054419516408,1.0,0.0,0.0,0.0,1.0,0.0,0.0,0.0,1.0,-0.05899229645729065,-0.15016657114028933,-0.20420777797698972,1.2184696791468346e-07,0.0,0.0,0.0,1.2184696791468346e-07,0.0,0.0,0.0,1.2184696791468346e-07,0.4314926,0.7256921000000013,10.58137535,8.999999999999999e-08,0.0,0.0,0.0,8.999999999999999e-08,0.0,0.0,0.0,8.999999999999999e-08
1538767969.0395038,1170,1538767969,38471815,base_link,0.028841786298146092,-0.23808348465366078,-0.9360544638535595,0.2574615435324812,1.0,0.0,0.0,0.0,1.0,0.0,0.0,0.0,1.0,0.025027673691511154,-0.12042949348688128,-0.1865112334489822,1.2184696791468346e-07,0.0,0.0,0.0,1.2184696791468346e-07,0.0,0.0,0.0,1.2184696791468346e-07,0.588399,0.6080123000000013,11.0815145,8.999999999999999e-08,0.0,0.0,0.0,8.999999999999999e-08,0.0,0.0,0.0,8.999999999999999e-08
1538767969.2659607,1171,1538767969,265541351,base_link,0.022050443167703514,-0.24054819385666848,-0.9423131356735919,0.23172461829811147,1.0,0.0,0.0,0.0,1.0,0.0,0.0,0.0,1.0,-0.06707325577735901,-0.09215778857469561,-0.2025751769542694,1.2184696791468346e-07,0.0,0.0,0.0,1.2184696791468346e-07,0.0,0.0,0.0,1.2184696791468346e-07,0.5099458,0.7943386500000013,9.87529655,8.999999999999999e-08,0.0,0.0,0.0,8.999999999999999e-08,0.0,0.0,0.0,8.999999999999999e-08
1538767969.737731,1172,1538767969,736726311,base_link,0.007501168036982332,-0.2331104134343524,-0.9554670696901402,0.18079255063271527,1.0,0.0,0.0,0.0,1.0,0.0,0.0,0.0,1.0,-0.04718588665127754,-0.11387134343385699,-0.2178562134504318,1.2184696791468346e-07,0.0,0.0,0.0,1.2184696791468346e-07,0.0,0.0,0.0,1.2184696791468346e-07,0.42168595,0.7943386500000013,10.4735022,8.999999999999999e-08,0.0,0.0,0.0,8.999999999999999e-08,0.0,0.0,0.0,8.999999999999999e-08
1538767970.0484204,1173,1538767970,47923655,base_link,0.000551405058519927,-0.2418777306630327,-0.959713651074922,0.1429845002166526,1.0,0.0,0.0,0.0,1.0,0.0,0.0,0.0,1.0,0.11392175406217575,-0.10433092713356021,-0.229911670088768,1.2184696791468346e-07,0.0,0.0,0.0,1.2184696791468346e-07,0.0,0.0,0.0,1.2184696791468346e-07,0.5295591,0.9218251000000014,10.895188150000001,8.999999999999999e-08,0.0,0.0,0.0,8.999999999999999e-08,0.0,0.0,0.0,8.999999999999999e-08
1538767970.4696786,1174,1538767970,469211207,base_link,-0.005602081818859324,-0.25465938348085726,-0.9624069394330259,0.09428731630288655,1.0,0.0,0.0,0.0,1.0,0.0,0.0,0.0,1.0,-0.03133340924978256,-0.10177711397409442,-0.2153615951538086,1.2184696791468346e-07,0.0,0.0,0.0,1.2184696791468346e-07,0.0,0.0,0.0,1.2184696791468346e-07,0.784532,0.7845320000000012,10.34601575,8.999999999999999e-08,0.0,0.0,0.0,8.999999999999999e-08,0.0,0.0,0.0,8.999999999999999e-08
1538767970.7711306,1175,1538767970,767876871,base_link,-0.009705741831359749,-0.25580016734973904,-0.9648588434461567,0.05932524911952152,1.0,0.0,0.0,0.0,1.0,0.0,0.0,0.0,1.0,0.0070793889462947845,-0.0866394639015198,-0.23571179807186127,1.2184696791468346e-07,0.0,0.0,0.0,1.2184696791468346e-07,0.0,0.0,0.0,1.2184696791468346e-07,0.61781895,0.9806650000000011,9.639936950000001,8.999999999999999e-08,0.0,0.0,0.0,8.999999999999999e-08,0.0,0.0,0.0,8.999999999999999e-08
1538767971.2193754,1176,1538767971,218919271,base_link,-0.0211725700439587,-0.2630303107171345,-0.9645318857454843,-0.006709642467471364,1.0,0.0,0.0,0.0,1.0,0.0,0.0,0.0,1.0,0.05404345691204071,-0.14945785701274875,-0.23035545647144315,1.2184696791468346e-07,0.0,0.0,0.0,1.2184696791468346e-07,0.0,0.0,0.0,1.2184696791468346e-07,0.83356525,0.8727918500000014,10.85596155,8.999999999999999e-08,0.0,0.0,0.0,8.999999999999999e-08,0.0,0.0,0.0,8.999999999999999e-08
1538767971.6217904,1177,1538767971,621443463,base_link,-0.036841760059910016,-0.2687032063325011,-0.9601799490819544,-0.06705025729478699,1.0,0.0,0.0,0.0,1.0,0.0,0.0,0.0,1.0,-0.04985370486974716,-0.14653423428535464,-0.29844167828559875,1.2184696791468346e-07,0.0,0.0,0.0,1.2184696791468346e-07,0.0,0.0,0.0,1.2184696791468346e-07,1.02969825,1.1669913500000013,9.9439431,8.999999999999999e-08,0.0,0.0,0.0,8.999999999999999e-08,0.0,0.0,0.0,8.999999999999999e-08
1538767971.9795587,1178,1538767971,973090727,base_link,-0.055451827128028215,-0.284053675465849,-0.9485950632023783,-0.12808594923168182,1.0,0.0,0.0,0.0,1.0,0.0,0.0,0.0,1.0,0.11112436652183533,-0.25080749392509466,-0.2985942661762237,1.2184696791468346e-07,0.0,0.0,0.0,1.2184696791468346e-07,0.0,0.0,0.0,1.2184696791468346e-07,1.24544455,1.0100849500000018,13.4939504,8.999999999999999e-08,0.0,0.0,0.0,8.999999999999999e-08,0.0,0.0,0.0,8.999999999999999e-08
1538767972.419425,1179,1538767972,419024455,base_link,-0.10122331620552184,-0.28992605691537293,-0.9317844330802689,-0.19358329485558134,1.0,0.0,0.0,0.0,1.0,0.0,0.0,0.0,1.0,-0.06269040703773499,-0.28153002262115484,-0.2304013520479202,1.2184696791468346e-07,0.0,0.0,0.0,1.2184696791468346e-07,0.0,0.0,0.0,1.2184696791468346e-07,1.59848395,1.2160246000000017,13.9842829,8.999999999999999e-08,0.0,0.0,0.0,8.999999999999999e-08,0.0,0.0,0.0,8.999999999999999e-08
1538767972.8176115,1180,1538767972,817322887,base_link,-0.1384791649325325,-0.2978893930336999,-0.9081004178695997,-0.2596903183845337,1.0,0.0,0.0,0.0,1.0,0.0,0.0,0.0,1.0,0.10441883653402328,-0.2511169612407685,-0.2981983125209808,1.2184696791468346e-07,0.0,0.0,0.0,1.2184696791468346e-07,0.0,0.0,0.0,1.2184696791468346e-07,1.26505785,0.9806650000000016,12.7878716,8.999999999999999e-08,0.0,0.0,0.0,8.999999999999999e-08,0.0,0.0,0.0,8.999999999999999e-08
1538767973.071592,1181,1538767973,71220455,base_link,-0.15983095998379065,-0.30089408069444684,-0.891841244669231,-0.29755001384732005,1.0,0.0,0.0,0.0,1.0,0.0,0.0,0.0,1.0,0.04375854879617691,-0.25410318374633795,-0.264756828546524,1.2184696791468346e-07,0.0,0.0,0.0,1.2184696791468346e-07,0.0,0.0,0.0,1.2184696791468346e-07,1.569064,1.7553903500000017,13.95486295,8.999999999999999e-08,0.0,0.0,0.0,8.999999999999999e-08,0.0,0.0,0.0,8.999999999999999e-08
1538767973.5291147,1182,1538767973,528605831,base_link,-0.18082252699690518,-0.29894835124550845,-0.8474765005604663,-0.3996456906008513,1.0,0.0,0.0,0.0,1.0,0.0,0.0,0.0,1.0,0.02235550992190838,-0.2699576914310456,-0.37650847434997553,1.2184696791468346e-07,0.0,0.0,0.0,1.2184696791468346e-07,0.0,0.0,0.0,1.2184696791468346e-07,1.1964113,1.2062179500000016,12.9643913,8.999999999999999e-08,0.0,0.0,0.0,8.999999999999999e-08,0.0,0.0,0.0,8.999999999999999e-08
1538767973.9254556,1183,1538767973,925127175,base_link,-0.22570528526812775,-0.31819968055491843,-0.7911196554403177,-0.4711006031335282,1.0,0.0,0.0,0.0,1.0,0.0,0.0,0.0,1.0,0.22523102164268494,-0.30835518240928655,-0.3357188403606414,1.2184696791468346e-07,0.0,0.0,0.0,1.2184696791468346e-07,0.0,0.0,0.0,1.2184696791468346e-07,1.32389775,0.5001391500000014,12.11121275,8.999999999999999e-08,0.0,0.0,0.0,8.999999999999999e-08,0.0,0.0,0.0,8.999999999999999e-08
1538767974.2461884,1184,1538767974,245741351,base_link,-0.25639075192518646,-0.29699888317993417,-0.7626372071749644,-0.514237237031197,1.0,0.0,0.0,0.0,1.0,0.0,0.0,0.0,1.0,-0.16728399693965912,-0.3457270562648773,-0.17268101871013636,1.2184696791468346e-07,0.0,0.0,0.0,1.2184696791468346e-07,0.0,0.0,0.0,1.2184696791468346e-07,1.71616375,1.4317709000000016,14.24906245,8.999999999999999e-08,0.0,0.0,0.0,8.999999999999999e-08,0.0,0.0,0.0,8.999999999999999e-08
1538767974.514847,1185,1538767974,514510055,base_link,-0.25771706733384975,-0.2779607102246679,-0.7366294036284349,-0.5600864919691015,1.0,0.0,0.0,0.0,1.0,0.0,0.0,0.0,1.0,-0.02078772336244583,-0.17583438754081732,-0.5020773410797119,1.2184696791468346e-07,0.0,0.0,0.0,1.2184696791468346e-07,0.0,0.0,0.0,1.2184696791468346e-07,1.01008495,1.7651970000000012,9.67916355,8.999999999999999e-08,0.0,0.0,0.0,8.999999999999999e-08,0.0,0.0,0.0,8.999999999999999e-08
1538767974.8836462,1186,1538767974,882956487,base_link,-0.2678695707252486,-0.27553439830181525,-0.6644229129415954,-0.6409905468804767,1.0,0.0,0.0,0.0,1.0,0.0,0.0,0.0,1.0,-0.12638257443904877,-0.4175831079483033,-0.41833740472793574,1.2184696791468346e-07,0.0,0.0,0.0,1.2184696791468346e-07,0.0,0.0,0.0,1.2184696791468346e-07,0.7060788,0.6766588500000017,13.75872995,8.999999999999999e-08,0.0,0.0,0.0,8.999999999999999e-08,0.0,0.0,0.0,8.999999999999999e-08
1538767975.3751662,1187,1538767975,373415207,base_link,-0.3221460816157771,-0.23767469701228197,-0.580606301500338,-0.7089633017003205,1.0,0.0,0.0,0.0,1.0,0.0,0.0,0.0,1.0,0.38540393114089966,-0.39088267087936407,-0.28333193063735956,1.2184696791468346e-07,0.0,0.0,0.0,1.2184696791468346e-07,0.0,0.0,0.0,1.2184696791468346e-07,0.36284605000000003,0.42168595000000175,14.22944915,8.999999999999999e-08,0.0,0.0,0.0,8.999999999999999e-08,0.0,0.0,0.0,8.999999999999999e-08
1538767975.7734513,1188,1538767975,772715687,base_link,-0.36205051511532677,-0.2086440288092538,-0.5146333659780074,-0.7486919208653957,1.0,0.0,0.0,0.0,1.0,0.0,0.0,0.0,1.0,-0.16973090171813965,-0.3186801970005036,-0.34742933511734003,1.2184696791468346e-07,0.0,0.0,0.0,1.2184696791468346e-07,0.0,0.0,0.0,1.2184696791468346e-07,0.89240515,1.8632635000000017,12.8859381,8.999999999999999e-08,0.0,0.0,0.0,8.999999999999999e-08,0.0,0.0,0.0,8.999999999999999e-08
1538767976.144139,1189,1538767976,143267335,base_link,-0.35347152496712037,-0.18536249073998481,-0.4366233958201063,-0.8062621399313044,1.0,0.0,0.0,0.0,1.0,0.0,0.0,0.0,1.0,-0.03408875688910484,-0.30635285377502447,-0.4536991119384765,1.2184696791468346e-07,0.0,0.0,0.0,1.2184696791468346e-07,0.0,0.0,0.0,1.2184696791468346e-07,0.5491724,1.1179581000000014,11.6306869,8.999999999999999e-08,0.0,0.0,0.0,8.999999999999999e-08,0.0,0.0,0.0,8.999999999999999e-08
1538767976.5973227,1190,1538767976,597002663,base_link,-0.37736071043171615,-0.15000835640129292,-0.33979874526817516,-0.8483119708847842,1.0,0.0,0.0,0.0,1.0,0.0,0.0,0.0,1.0,0.1609913855791092,-0.39798578619956976,-0.2464634329080581,1.2184696791468346e-07,0.0,0.0,0.0,1.2184696791468346e-07,0.0,0.0,0.0,1.2184696791468346e-07,0.6864655,0.7256921000000021,16.6516917,8.999999999999999e-08,0.0,0.0,0.0,8.999999999999999e-08,0.0,0.0,0.0,8.999999999999999e-08
1538767977.1342444,1191,1538767977,133787623,base_link,-0.38773916657175517,-0.09004175143654626,-0.2346501602054309,-0.8868427842746682,1.0,0.0,0.0,0.0,1.0,0.0,0.0,0.0,1.0,-0.10750332474708557,-0.3482267856597901,-0.31482049822807306,1.2184696791468346e-07,0.0,0.0,0.0,1.2184696791468346e-07,0.0,0.0,0.0,1.2184696791468346e-07,0.32361945000000003,0.7256921000000018,14.64132845,8.999999999999999e-08,0.0,0.0,0.0,8.999999999999999e-08,0.0,0.0,0.0,8.999999999999999e-08
1538767977.4714808,1192,1538767977,471081767,base_link,-0.3726857724664487,-0.0746973517708777,-0.1654416540938129,-0.9100300433118718,1.0,0.0,0.0,0.0,1.0,0.0,0.0,0.0,1.0,-0.2879847288131714,-0.22795444726943975,-0.5030636191368103,1.2184696791468346e-07,0.0,0.0,0.0,1.2184696791468346e-07,0.0,0.0,0.0,1.2184696791468346e-07,-0.04903325,1.3435110500000014,11.54242705,8.999999999999999e-08,0.0,0.0,0.0,8.999999999999999e-08,0.0,0.0,0.0,8.999999999999999e-08
1538767977.8641298,1193,1538767977,863792231,base_link,-0.36471383117810896,-0.056738879875710434,-0.07139558090988579,-0.9266429689391569,1.0,0.0,0.0,0.0,1.0,0.0,0.0,0.0,1.0,0.03595428168773651,-0.27214127779006964,-0.27704241871833796,1.2184696791468346e-07,0.0,0.0,0.0,1.2184696791468346e-07,0.0,0.0,0.0,1.2184696791468346e-07,-0.30400615,0.01961330000000129,10.5127288,8.999999999999999e-08,0.0,0.0,0.0,8.999999999999999e-08,0.0,0.0,0.0,8.999999999999999e-08
1538767978.2794929,1194,1538767978,278980167,base_link,-0.3662658632393077,-0.013398568988629816,-0.007954414866586101,-0.9303797735649415,1.0,0.0,0.0,0.0,1.0,0.0,0.0,0.0,1.0,-0.14801807701587677,-0.29436469078063965,-0.22511981427669522,1.2184696791468346e-07,0.0,0.0,0.0,1.2184696791468346e-07,0.0,0.0,0.0,1.2184696791468346e-07,-0.08825985,0.9414384000000017,14.2196425,8.999999999999999e-08,0.0,0.0,0.0,8.999999999999999e-08,0.0,0.0,0.0,8.999999999999999e-08
1538767978.6167948,1195,1538767978,610993927,base_link,-0.35006488457069396,0.004994887187580673,0.051539120562766605,-0.9352931875856396,1.0,0.0,0.0,0.0,1.0,0.0,0.0,0.0,1.0,-0.06460421532392502,-0.2120946347713471,-0.37357959151268005,1.2184696791468346e-07,0.0,0.0,0.0,1.2184696791468346e-07,0.0,0.0,0.0,1.2184696791468346e-07,-0.30400615,1.2160246000000015,11.3168741,8.999999999999999e-08,0.0,0.0,0.0,8.999999999999999e-08,0.0,0.0,0.0,8.999999999999999e-08
1538767979.08473,1196,1538767979,84138439,base_link,-0.3587432003444305,0.032412994196158916,0.1477428664618171,-0.9210997554138862,1.0,0.0,0.0,0.0,1.0,0.0,0.0,0.0,1.0,0.050490062683820724,-0.29562908411026007,-0.28960478305816645,1.2184696791468346e-07,0.0,0.0,0.0,1.2184696791468346e-07,0.0,0.0,0.0,1.2184696791468346e-07,-0.44129925000000003,0.5883990000000013,10.69905515,8.999999999999999e-08,0.0,0.0,0.0,8.999999999999999e-08,0.0,0.0,0.0,8.999999999999999e-08
1538767979.615612,1197,1538767979,610235527,base_link,-0.32720215156343124,0.07266950387008754,0.2400310077643351,-0.9110669627042649,1.0,0.0,0.0,0.0,1.0,0.0,0.0,0.0,1.0,0.025105547159910202,-0.25990512967109686,-0.3484115302562713,1.2184696791468346e-07,0.0,0.0,0.0,1.2184696791468346e-07,0.0,0.0,0.0,1.2184696791468346e-07,-0.22555295,0.9512450500000016,12.4544455,8.999999999999999e-08,0.0,0.0,0.0,8.999999999999999e-08,0.0,0.0,0.0,8.999999999999999e-08
1538767980.0255153,1198,1538767980,25023559,base_link,-0.3290291422949529,0.1007580399172658,0.3160854140392969,-0.8841253598581393,1.0,0.0,0.0,0.0,1.0,0.0,0.0,0.0,1.0,0.10885290801525116,-0.2552225291728974,-0.29828873276710505,1.2184696791468346e-07,0.0,0.0,0.0,1.2184696791468346e-07,0.0,0.0,0.0,1.2184696791468346e-07,-0.0392266,0.7158854500000016,12.07198615,8.999999999999999e-08,0.0,0.0,0.0,8.999999999999999e-08,0.0,0.0,0.0,8.999999999999999e-08
1538767980.3342092,1199,1538767980,333808839,base_link,-0.29669997312035973,0.11227190685894567,0.37038906417205764,-0.8730269675229863,1.0,0.0,0.0,0.0,1.0,0.0,0.0,0.0,1.0,-0.2222823053598404,-0.20660670101642611,-0.3175920248031616,1.2184696791468346e-07,0.0,0.0,0.0,1.2184696791468346e-07,0.0,0.0,0.0,1.2184696791468346e-07,-0.1176798,1.2846711500000014,11.8072066,8.999999999999999e-08,0.0,0.0,0.0,8.999999999999999e-08,0.0,0.0,0.0,8.999999999999999e-08
1538767980.6435852,1200,1538767980,643013255,base_link,-0.27920782503738206,0.12176871181400037,0.42565693335563426,-0.8520748478551228,1.0,0.0,0.0,0.0,1.0,0.0,0.0,0.0,1.0,0.10541198402643204,-0.26146900653839117,-0.3713917136192321,1.2184696791468346e-07,0.0,0.0,0.0,1.2184696791468346e-07,0.0,0.0,0.0,1.2184696791468346e-07,0.0980665,0.3432327500000016,13.20955755,8.999999999999999e-08,0.0,0.0,0.0,8.999999999999999e-08,0.0,0.0,0.0,8.999999999999999e-08
1538767981.0248175,1201,1538767981,20077543,base_link,-0.2514146013254903,0.15065074757998487,0.46979961256449954,-0.8326964480098269,1.0,0.0,0.0,0.0,1.0,0.0,0.0,0.0,1.0,-0.1823464184999466,-0.25712284445762634,-0.05786455422639843,1.2184696791468346e-07,0.0,0.0,0.0,1.2184696791468346e-07,0.0,0.0,0.0,1.2184696791468346e-07,0.24516625,0.7845320000000016,12.944778,8.999999999999999e-08,0.0,0.0,0.0,8.999999999999999e-08,0.0,0.0,0.0,8.999999999999999e-08
1538767981.4418948,1202,1538767981,441319399,base_link,-0.21855799415840096,0.160946549384541,0.5143170517263399,-0.8135149548313119,1.0,0.0,0.0,0.0,1.0,0.0,0.0,0.0,1.0,-0.172354057431221,-0.1370525658130646,-0.3129481077194214,1.2184696791468346e-07,0.0,0.0,0.0,1.2184696791468346e-07,0.0,0.0,0.0,1.2184696791468346e-07,0.2549729,1.2650578500000014,11.11093445,8.999999999999999e-08,0.0,0.0,0.0,8.999999999999999e-08,0.0,0.0,0.0,8.999999999999999e-08
1538767981.8455956,1203,1538767981,845134503,base_link,-0.19639837487248732,0.15489192313378333,0.578760453249087,-0.7761910256182273,1.0,0.0,0.0,0.0,1.0,0.0,0.0,0.0,1.0,0.04683268815279007,-0.12528499960899356,-0.3213655650615692,1.2184696791468346e-07,0.0,0.0,0.0,1.2184696791468346e-07,0.0,0.0,0.0,1.2184696791468346e-07,0.0,0.42168595000000114,9.07115125,8.999999999999999e-08,0.0,0.0,0.0,8.999999999999999e-08,0.0,0.0,0.0,8.999999999999999e-08
1538767982.2190511,1204,1538767982,218492167,base_link,-0.18361972098077628,0.16637743612042982,0.6204224908054241,-0.7440956119476364,1.0,0.0,0.0,0.0,1.0,0.0,0.0,0.0,1.0,-0.08640724420547485,-0.16861414909362796,-0.1870026886463165,1.2184696791468346e-07,0.0,0.0,0.0,1.2184696791468346e-07,0.0,0.0,0.0,1.2184696791468346e-07,0.00980665,0.6864655000000014,11.54242705,8.999999999999999e-08,0.0,0.0,0.0,8.999999999999999e-08,0.0,0.0,0.0,8.999999999999999e-08
1538767982.5757203,1205,1538767982,575364839,base_link,-0.15764631347165597,0.1672660767088225,0.6547705127936697,-0.7200314402907344,1.0,0.0,0.0,0.0,1.0,0.0,0.0,0.0,1.0,-0.2005067765712738,-0.13953237235546115,-0.25996607542037964,1.2184696791468346e-07,0.0,0.0,0.0,1.2184696791468346e-07,0.0,0.0,0.0,1.2184696791468346e-07,0.1765197,0.7256921000000014,11.7091401,8.999999999999999e-08,0.0,0.0,0.0,8.999999999999999e-08,0.0,0.0,0.0,8.999999999999999e-08
1538767983.0333853,1206,1538767983,32746247,base_link,0.1316758909040566,-0.17318962104162938,-0.689014217070745,0.6913220838310231,1.0,0.0,0.0,0.0,1.0,0.0,0.0,0.0,1.0,-0.03359135240316391,-0.09629972279071809,-0.12257750332355498,1.2184696791468346e-07,0.0,0.0,0.0,1.2184696791468346e-07,0.0,0.0,0.0,1.2184696791468346e-07,0.2157463,0.7845320000000015,11.6699135,8.999999999999999e-08,0.0,0.0,0.0,8.999999999999999e-08,0.0,0.0,0.0,8.999999999999999e-08
1538767983.366481,1207,1538767983,365887239,base_link,0.12134361310770676,-0.16841184736903195,-0.7098761348896397,0.6730446124424911,1.0,0.0,0.0,0.0,1.0,0.0,0.0,0.0,1.0,-0.07974336296319962,-0.017601333558559442,-0.21095560491085052,1.2184696791468346e-07,0.0,0.0,0.0,1.2184696791468346e-07,0.0,0.0,0.0,1.2184696791468346e-07,0.0980665,0.8139519500000013,9.9439431,8.999999999999999e-08,0.0,0.0,0.0,8.999999999999999e-08,0.0,0.0,0.0,8.999999999999999e-08
1538767983.8254151,1208,1538767983,823269575,base_link,0.13100195965776817,-0.1660646621321675,-0.7457529069043707,0.6317543956320643,1.0,0.0,0.0,0.0,1.0,0.0,0.0,0.0,1.0,0.065100759267807,-0.021008105948567418,-0.22064070403575897,1.2184696791468346e-07,0.0,0.0,0.0,1.2184696791468346e-07,0.0,0.0,0.0,1.2184696791468346e-07,0.14709975,0.6766588500000011,9.1397978,8.999999999999999e-08,0.0,0.0,0.0,8.999999999999999e-08,0.0,0.0,0.0,8.999999999999999e-08
1538767984.183766,1209,1538767984,182325735,base_link,0.13145136118263961,-0.17078000291883869,-0.7680578241495258,0.6030272871180613,1.0,0.0,0.0,0.0,1.0,0.0,0.0,0.0,1.0,0.0743957981467247,-0.07595527917146686,-0.1945224404335022,1.2184696791468346e-07,0.0,0.0,0.0,1.2184696791468346e-07,0.0,0.0,0.0,1.2184696791468346e-07,0.32361945000000003,0.7158854500000013,10.355822400000001,8.999999999999999e-08,0.0,0.0,0.0,8.999999999999999e-08,0.0,0.0,0.0,8.999999999999999e-08
1538767984.6405041,1210,1538767984,639988295,base_link,0.13493976384592182,-0.18758039954768102,-0.7925807540525915,0.564287694482313,1.0,0.0,0.0,0.0,1.0,0.0,0.0,0.0,1.0,0.019380666315555573,-0.07664526253938678,-0.19270740449428558,1.2184696791468346e-07,0.0,0.0,0.0,1.2184696791468346e-07,0.0,0.0,0.0,1.2184696791468346e-07,0.3138128,0.8139519500000013,10.267562550000001,8.999999999999999e-08,0.0,0.0,0.0,8.999999999999999e-08,0.0,0.0,0.0,8.999999999999999e-08
1538767985.070323,1211,1538767985,69848743,base_link,0.12796437242109818,-0.20439616668746927,-0.8183540995468686,0.5216741264325615,1.0,0.0,0.0,0.0,1.0,0.0,0.0,0.0,1.0,0.06072491779923439,-0.12108700722455981,-0.2084439843893051,1.2184696791468346e-07,0.0,0.0,0.0,1.2184696791468346e-07,0.0,0.0,0.0,1.2184696791468346e-07,0.4314926,0.9022118000000012,10.79712165,8.999999999999999e-08,0.0,0.0,0.0,8.999999999999999e-08,0.0,0.0,0.0,8.999999999999999e-08
1538767985.4342508,1212,1538767985,433551335,base_link,0.12266930601473044,-0.21717342245765486,-0.8410670296505744,0.47999395576887505,1.0,0.0,0.0,0.0,1.0,0.0,0.0,0.0,1.0,0.09224420040845871,-0.12027463316917422,-0.24611130356788632,1.2184696791468346e-07,0.0,0.0,0.0,1.2184696791468346e-07,0.0,0.0,0.0,1.2184696791468346e-07,0.53936575,0.7354987500000014,10.8657682,8.999999999999999e-08,0.0,0.0,0.0,8.999999999999999e-08,0.0,0.0,0.0,8.999999999999999e-08
1538767985.872438,1213,1538767985,871502887,base_link,0.11202445602656194,-0.23213611266701117,-0.865482212435388,0.4295391558469932,1.0,0.0,0.0,0.0,1.0,0.0,0.0,0.0,1.0,0.08899042755365372,-0.15351384878158572,-0.26538777351379395,1.2184696791468346e-07,0.0,0.0,0.0,1.2184696791468346e-07,0.0,0.0,0.0,1.2184696791468346e-07,0.6276256,0.9708583500000014,11.3561007,8.999999999999999e-08,0.0,0.0,0.0,8.999999999999999e-08,0.0,0.0,0.0,8.999999999999999e-08
1538767986.3348706,1214,1538767986,334112071,base_link,0.08451488753959267,-0.24075000361424373,-0.8930834132872759,0.3705383737955627,1.0,0.0,0.0,0.0,1.0,0.0,0.0,0.0,1.0,-0.1289699375629425,-0.19498902559280398,-0.1897044777870178,1.2184696791468346e-07,0.0,0.0,0.0,1.2184696791468346e-07,0.0,0.0,0.0,1.2184696791468346e-07,0.89240515,0.7158854500000016,12.2386992,8.999999999999999e-08,0.0,0.0,0.0,8.999999999999999e-08,0.0,0.0,0.0,8.999999999999999e-08
1538767986.6238012,1215,1538767986,623539271,base_link,0.061536693866363366,-0.2371105827846825,-0.9075825613453621,0.3410068931580381,1.0,0.0,0.0,0.0,1.0,0.0,0.0,0.0,1.0,-0.10347120463848114,-0.187713697552681,-0.19686944782733914,1.2184696791468346e-07,0.0,0.0,0.0,1.2184696791468346e-07,0.0,0.0,0.0,1.2184696791468346e-07,0.8629852,0.9708583500000015,12.689805100000001,8.999999999999999e-08,0.0,0.0,0.0,8.999999999999999e-08,0.0,0.0,0.0,8.999999999999999e-08
1538767987.0695024,1216,1538767987,67629703,base_link,0.03373925287612283,-0.23848102782655037,-0.9283097955099868,0.28324792275029986,1.0,0.0,0.0,0.0,1.0,0.0,0.0,0.0,1.0,-0.003370935097336769,-0.17953003942966464,-0.278204083442688,1.2184696791468346e-07,0.0,0.0,0.0,1.2184696791468346e-07,0.0,0.0,0.0,1.2184696791468346e-07,0.8237586,0.9316317500000015,12.3367657,8.999999999999999e-08,0.0,0.0,0.0,8.999999999999999e-08,0.0,0.0,0.0,8.999999999999999e-08
1538767987.590942,1217,1538767987,590481159,base_link,0.00624362426585145,-0.24800664127045918,-0.9443726485268118,0.21590281090395141,1.0,0.0,0.0,0.0,1.0,0.0,0.0,0.0,1.0,-0.07312620431184769,-0.15885969996452334,-0.21202981472015378,1.2184696791468346e-07,0.0,0.0,0.0,1.2184696791468346e-07,0.0,0.0,0.0,1.2184696791468346e-07,0.7649187,0.8433719000000014,10.9638347,8.999999999999999e-08,0.0,0.0,0.0,8.999999999999999e-08,0.0,0.0,0.0,8.999999999999999e-08
1538767988.0504863,1218,1538767988,50063527,base_link,-0.012303916601072318,-0.24453876013220882,-0.9566362385242292,0.1577862971600827,1.0,0.0,0.0,0.0,1.0,0.0,0.0,0.0,1.0,-0.07150592654943466,-0.12651742994785312,-0.20305041968822476,1.2184696791468346e-07,0.0,0.0,0.0,1.2184696791468346e-07,0.0,0.0,0.0,1.2184696791468346e-07,0.7256921000000001,0.8335652500000014,10.97364135,8.999999999999999e-08,0.0,0.0,0.0,8.999999999999999e-08,0.0,0.0,0.0,8.999999999999999e-08
1538767988.5324829,1219,1538767988,531966375,base_link,-0.028082131205356135,-0.24247291436903445,-0.9642845481539037,0.10282796261705124,1.0,0.0,0.0,0.0,1.0,0.0,0.0,0.0,1.0,-0.025475142523646355,-0.0932748466730118,-0.16964641213417053,1.2184696791468346e-07,0.0,0.0,0.0,1.2184696791468346e-07,0.0,0.0,0.0,1.2184696791468346e-07,0.77472535,0.7747253500000014,10.895188150000001,8.999999999999999e-08,0.0,0.0,0.0,8.999999999999999e-08,0.0,0.0,0.0,8.999999999999999e-08
1538767988.871295,1220,1538767988,870967591,base_link,-0.035458196169184164,-0.25895673604072095,-0.9626491219072879,0.0706455467435233,1.0,0.0,0.0,0.0,1.0,0.0,0.0,0.0,1.0,0.10686679184436798,-0.10477119684219363,-0.18839016556739807,1.2184696791468346e-07,0.0,0.0,0.0,1.2184696791468346e-07,0.0,0.0,0.0,1.2184696791468346e-07,0.7453054,0.7747253500000013,9.95374975,8.999999999999999e-08,0.0,0.0,0.0,8.999999999999999e-08,0.0,0.0,0.0,8.999999999999999e-08
1538767989.253393,1221,1538767989,252439911,base_link,-0.0414182440167936,-0.26621062919627375,-0.9625876460990967,0.029007818650998485,1.0,0.0,0.0,0.0,1.0,0.0,0.0,0.0,1.0,0.04647515341639519,-0.05565413087606433,-0.22309459745883942,1.2184696791468346e-07,0.0,0.0,0.0,1.2184696791468346e-07,0.0,0.0,0.0,1.2184696791468346e-07,0.85317855,1.0002783000000013,9.8851032,8.999999999999999e-08,0.0,0.0,0.0,8.999999999999999e-08,0.0,0.0,0.0,8.999999999999999e-08
1538767989.6321127,1222,1538767989,631612007,base_link,-0.040000686513336756,-0.25138901033738315,-0.9668292334983448,-0.021088950022604757,1.0,0.0,0.0,0.0,1.0,0.0,0.0,0.0,1.0,-0.22344085574150085,-0.06324965506792073,-0.28881263732910156,1.2184696791468346e-07,0.0,0.0,0.0,1.2184696791468346e-07,0.0,0.0,0.0,1.2184696791468346e-07,1.1375714000000001,0.9414384000000015,11.375714,8.999999999999999e-08,0.0,0.0,0.0,8.999999999999999e-08,0.0,0.0,0.0,8.999999999999999e-08
1538767989.926615,1223,1538767989,926347367,base_link,-0.0338748093731455,-0.24725107945598507,-0.9656581450566707,-0.07227549988407672,1.0,0.0,0.0,0.0,1.0,0.0,0.0,0.0,1.0,-0.04153294116258621,-0.06480615586042408,-0.33689677715301514,1.2184696791468346e-07,0.0,0.0,0.0,1.2184696791468346e-07,0.0,0.0,0.0,1.2184696791468346e-07,0.8041453000000001,1.0296982500000014,9.7085835,8.999999999999999e-08,0.0,0.0,0.0,8.999999999999999e-08,0.0,0.0,0.0,8.999999999999999e-08
